productId,name,category,position,totalScore,organicScore,topBlocked,eligibility,topFactor,topFactorPoints
LAB1000-0127,Конструктор LAB-0127,Авто,1,70.4,67,false,ELIGIBLE,Фото,5.9
LAB1000-0757,Смарт-часы LAB-0757,Авто,2,67.2,64,false,ELIGIBLE,Фото,6.2
LAB1000-0396,Пылесос LAB-0396,Красота,3,67,67,false,ELIGIBLE,Фото,4.8
LAB1000-0244,Мяч футбольный LAB-0244,Одежда,4,65.1,62,false,ELIGIBLE,Фото,5.7
LAB1000-0478,Оливковое масло LAB-0478,Детские товары,5,65.1,62,false,ELIGIBLE,Отзывы,3.4
LAB1000-0838,Наушники LAB-0838,Детские товары,6,65.1,62,false,ELIGIBLE,CTR,-6.1
LAB1000-0865,Наушники LAB-0865,Спорт,7,65.1,62,false,ELIGIBLE,Отзывы,3.4
LAB1000-0159,Автомагнитола LAB-0159,Продукты,8,65,65,false,ELIGIBLE,Доверие,3.7
LAB1000-0678,Крем для лица LAB-0678,Детские товары,9,65,65,false,ELIGIBLE,Фото,5.3
LAB1000-0767,Автомагнитола LAB-0767,Авто,10,65,65,false,ELIGIBLE,Фото,4.8
LAB1000-0100,Конструктор LAB-0100,Сад,11,64.1,61,false,ELIGIBLE,Фото,5.7
LAB1000-0793,Садовый шланг LAB-0793,Дом и сад,12,64.1,61,false,ELIGIBLE,Фото,5.7
LAB1000-0016,Конструктор LAB-0016,Красота,13,64,64,false,ELIGIBLE,Доверие,4.4
LAB1000-0321,Конструктор LAB-0321,Инструменты,14,64,64,false,ELIGIBLE,Фото,5.3
LAB1000-0684,Крем для лица LAB-0684,Одежда,15,64,64,false,ELIGIBLE,Фото,5.3
LAB1000-0098,Оливковое масло LAB-0098,Детские товары,16,63,63,false,ELIGIBLE,Фото,6.2
LAB1000-0103,Автомагнитола LAB-0103,Дом и сад,17,63,63,false,ELIGIBLE,Доверие,3.5
LAB1000-0117,Наушники LAB-0117,Авто,18,63,63,false,ELIGIBLE,Фото,5.3
LAB1000-0190,Кроссовки LAB-0190,Сад,19,63,60,false,ELIGIBLE,CTR,-4.3
LAB1000-0193,Рюкзак LAB-0193,Дом и сад,20,63,63,false,ELIGIBLE,Фото,6.2
LAB1000-0226,Дрель LAB-0226,Красота,21,63,60,false,ELIGIBLE,Фото,5.3
LAB1000-0324,Куртка LAB-0324,Одежда,22,63,63,false,ELIGIBLE,Фото,6.2
LAB1000-0432,Автомагнитола LAB-0432,Электроника,23,63,63,false,ELIGIBLE,Доверие,4.7
LAB1000-0435,Мяч футбольный LAB-0435,Спорт,24,63,63,false,ELIGIBLE,Фото,5.3
LAB1000-0511,Кроссовки LAB-0511,Инструменты,25,63,63,false,ELIGIBLE,Фото,5.3
LAB1000-0536,Кофемашина LAB-0536,Красота,26,63,63,false,ELIGIBLE,Фото,6.2
LAB1000-0545,Куртка LAB-0545,Спорт,27,63,63,false,ELIGIBLE,Фото,5
LAB1000-0577,Мяч футбольный LAB-0577,Авто,28,63,60,false,ELIGIBLE,Фото,5.4
LAB1000-0579,Шуруповёрт LAB-0579,Продукты,29,63,63,false,ELIGIBLE,CTR,-5.9
LAB1000-0682,Наушники LAB-0682,Электроника,30,63,63,false,ELIGIBLE,Фото,4.4
LAB1000-0956,Кроссовки LAB-0956,Красота,31,63,63,false,ELIGIBLE,Фото,5.9
LAB1000-0971,Садовый шланг LAB-0971,Инструменты,32,63,63,false,ELIGIBLE,Фото,4.1
LAB1000-0008,Наушники LAB-0008,Детские товары,33,62,62,false,ELIGIBLE,Фото,6.2
LAB1000-0202,Оливковое масло LAB-0202,Электроника,34,62,62,false,ELIGIBLE,Фото,5.3
LAB1000-0228,Дрель LAB-0228,Детские товары,35,62,62,false,ELIGIBLE,Доверие,4.2
LAB1000-0316,Смарт-часы LAB-0316,Красота,36,62,59,false,ELIGIBLE,Фото,5.3
LAB1000-0376,Пылесос LAB-0376,Красота,37,62,62,false,ELIGIBLE,Фото,3.5
LAB1000-0381,Кроссовки LAB-0381,Инструменты,38,62,62,false,ELIGIBLE,Фото,6.2
LAB1000-0397,Дрель LAB-0397,Авто,39,62,59,false,ELIGIBLE,Фото,6.2
LAB1000-0426,Автомагнитола LAB-0426,Красота,40,62,62,false,ELIGIBLE,Доверие,4.7
LAB1000-0492,Мяч футбольный LAB-0492,Электроника,41,62,62,false,ELIGIBLE,Фото,4.8
LAB1000-0535,Конструктор LAB-0535,Спорт,42,62,62,false,ELIGIBLE,Фото,6.2
LAB1000-0570,Автомагнитола LAB-0570,Сад,43,62,62,false,ELIGIBLE,Фото,5.7
LAB1000-0612,Крем для лица LAB-0612,Электроника,44,62,62,false,ELIGIBLE,Фото,5.3
LAB1000-0651,Садовый шланг LAB-0651,Инструменты,45,62,62,true,ELIGIBLE,Фото,5.1
LAB1000-0744,Автомагнитола LAB-0744,Одежда,46,62,62,false,ELIGIBLE,Фото,4.8
LAB1000-0748,Куртка LAB-0748,Детские товары,47,62,59,false,ELIGIBLE,Фото,4.8
LAB1000-0800,Кофемашина LAB-0800,Сад,48,62,62,false,ELIGIBLE,Фото,4.8
LAB1000-0969,Оливковое масло LAB-0969,Продукты,49,62,62,false,ELIGIBLE,Фото,6.2
LAB1000-0003,Конструктор LAB-0003,Дом и сад,50,61,61,false,ELIGIBLE,Доверие,4.7
LAB1000-0131,Дрель LAB-0131,Инструменты,51,61,61,false,ELIGIBLE,Отзывы,3.7
LAB1000-0175,Пылесос LAB-0175,Спорт,52,61,61,true,ELIGIBLE,Фото,5.6
LAB1000-0196,Рюкзак LAB-0196,Красота,53,61,61,false,ELIGIBLE,Фото,5.3
LAB1000-0232,Пылесос LAB-0232,Электроника,54,61,61,true,ELIGIBLE,Фото,4.7
LAB1000-0268,Шуруповёрт LAB-0268,Детские товары,55,61,61,false,ELIGIBLE,Фото,5.4
LAB1000-0285,Рюкзак LAB-0285,Спорт,56,61,61,false,ELIGIBLE,Фото,3.9
LAB1000-0420,Автомагнитола LAB-0420,Сад,57,61,61,false,ELIGIBLE,Доверие,4.2
LAB1000-0501,Мяч футбольный LAB-0501,Инструменты,58,61,61,true,ELIGIBLE,Доверие,4.7
LAB1000-0548,Конструктор LAB-0548,Детские товары,59,61,61,false,ELIGIBLE,Фото,6.2
LAB1000-0601,Конструктор LAB-0601,Инструменты,60,61,61,false,ELIGIBLE,Доверие,4.4
LAB1000-0618,Дрель LAB-0618,Детские товары,61,61,61,false,ELIGIBLE,Фото,4.8
LAB1000-0813,Автомагнитола LAB-0813,Дом и сад,62,61,61,false,ELIGIBLE,Фото,4.8
LAB1000-0909,Кроссовки LAB-0909,Продукты,63,61,61,true,ELIGIBLE,Фото,3.8
LAB1000-0118,Автомагнитола LAB-0118,Детские товары,64,60.9,58,false,ELIGIBLE,Фото,5.7
LAB1000-0406,Смарт-часы LAB-0406,Красота,65,60.9,58,false,ELIGIBLE,Фото,5.7
LAB1000-0460,Куртка LAB-0460,Сад,66,60.9,58,false,ELIGIBLE,Фото,5.7
LAB1000-0739,Кофемашина LAB-0739,Продукты,67,60.9,58,false,ELIGIBLE,Фото,3.9
LAB1000-0928,Наушники LAB-0928,Детские товары,68,60.9,58,false,ELIGIBLE,CTR,-4.3
LAB1000-0955,Наушники LAB-0955,Спорт,69,60.9,58,false,ELIGIBLE,CTR,-6.1
LAB1000-0029,Конструктор LAB-0029,Продукты,70,60,60,false,ELIGIBLE,Фото,3.5
LAB1000-0040,Дрель LAB-0040,Сад,71,60,60,false,ELIGIBLE,CTR,-5.2
LAB1000-0041,Кофемашина LAB-0041,Инструменты,72,60,60,false,ELIGIBLE,Фото,5.3
LAB1000-0061,Кроссовки LAB-0061,Инструменты,73,60,60,false,ELIGIBLE,Фото,6.2
LAB1000-0144,Кроссовки LAB-0144,Одежда,74,60,60,false,ELIGIBLE,Отзывы,3.7
LAB1000-0174,Крем для лица LAB-0174,Одежда,75,60,60,true,ELIGIBLE,Доверие,3.7
LAB1000-0177,Кроссовки LAB-0177,Авто,76,60,60,false,ELIGIBLE,Фото,5.7
LAB1000-0181,Дрель LAB-0181,Инструменты,77,60,60,true,ELIGIBLE,Фото,5.1
LAB1000-0297,Дрель LAB-0297,Авто,78,60,60,false,ELIGIBLE,Фото,5.7
LAB1000-0333,Дрель LAB-0333,Дом и сад,79,60,60,false,ELIGIBLE,Фото,4.4
LAB1000-0398,Смарт-часы LAB-0398,Детские товары,80,60,60,false,ELIGIBLE,Фото,5.7
LAB1000-0421,Оливковое масло LAB-0421,Инструменты,81,60,60,false,ELIGIBLE,Фото,4.4
LAB1000-0444,Рюкзак LAB-0444,Одежда,82,60,60,false,ELIGIBLE,Фото,5.7
LAB1000-0450,Шуруповёрт LAB-0450,Сад,83,60,60,false,ELIGIBLE,Фото,6.2
LAB1000-0522,Куртка LAB-0522,Электроника,84,60,60,false,ELIGIBLE,Фото,4.8
LAB1000-0662,Кроссовки LAB-0662,Электроника,85,60,60,false,ELIGIBLE,Фото,4.4
LAB1000-0851,Смарт-часы LAB-0851,Инструменты,86,60,60,false,ELIGIBLE,Фото,5.3
LAB1000-0859,Дрель LAB-0859,Продукты,87,60,60,false,ELIGIBLE,Фото,5.3
LAB1000-0886,Смарт-часы LAB-0886,Красота,88,60,60,false,ELIGIBLE,Фото,5.3
LAB1000-0935,Пылесос LAB-0935,Спорт,89,60,60,false,ELIGIBLE,Фото,5.7
LAB1000-0217,Кофемашина LAB-0217,Авто,90,59.9,57,false,ELIGIBLE,CTR,-4.3
LAB1000-0280,Садовый шланг LAB-0280,Сад,91,59.9,57,false,ELIGIBLE,Фото,4.4
LAB1000-0604,Рюкзак LAB-0604,Одежда,92,59.9,57,false,ELIGIBLE,Фото,5.3
LAB1000-0667,Наушники LAB-0667,Авто,93,59.9,57,false,ELIGIBLE,CTR,-6.1
LAB1000-0018,Смарт-часы LAB-0018,Детские товары,94,59,59,false,ELIGIBLE,Фото,5.7
LAB1000-0027,Куртка LAB-0027,Авто,95,59,59,false,ELIGIBLE,Доверие,4.7
LAB1000-0038,Куртка LAB-0038,Детские товары,96,59,59,false,ELIGIBLE,Фото,5.9
LAB1000-0140,Куртка LAB-0140,Сад,97,59,59,false,ELIGIBLE,Фото,5.3
LAB1000-0183,Пылесос LAB-0183,Дом и сад,98,59,59,false,ELIGIBLE,CTR,-6.1
LAB1000-0206,Рюкзак LAB-0206,Красота,99,59,59,false,ELIGIBLE,Отзывы,3.7
LAB1000-0229,Куртка LAB-0229,Продукты,100,59,59,false,ELIGIBLE,Фото,5.7
LAB1000-0267,Куртка LAB-0267,Авто,101,59,59,false,ELIGIBLE,CTR,-6.1
LAB1000-0274,Крем для лица LAB-0274,Одежда,102,59,59,false,ELIGIBLE,Категория,2.8
LAB1000-0283,Куртка LAB-0283,Дом и сад,103,59,59,false,ELIGIBLE,CTR,-6.1
LAB1000-0375,Наушники LAB-0375,Спорт,104,59,59,false,ELIGIBLE,Фото,4.4
LAB1000-0447,Дрель LAB-0447,Авто,105,59,59,false,ELIGIBLE,Доверие,4.7
LAB1000-0470,Кроссовки LAB-0470,Сад,106,59,59,false,ELIGIBLE,Доверие,4.6
LAB1000-0500,Куртка LAB-0500,Сад,107,59,59,false,ELIGIBLE,Фото,3.9
LAB1000-0583,Садовый шланг LAB-0583,Дом и сад,108,59,59,false,ELIGIBLE,Фото,5.7
LAB1000-0685,Куртка LAB-0685,Спорт,109,59,59,true,ELIGIBLE,Отзывы,3.7
LAB1000-0777,Дрель LAB-0777,Авто,110,59,59,true,ELIGIBLE,CTR,-5.2
LAB1000-0844,Мяч футбольный LAB-0844,Одежда,111,59,59,false,ELIGIBLE,CTR,-4.3
LAB1000-0854,Пылесос LAB-0854,Одежда,112,59,59,false,ELIGIBLE,Фото,4.1
LAB1000-0860,Куртка LAB-0860,Сад,113,59,59,false,ELIGIBLE,Доверие,4.6
LAB1000-0904,Пылесос LAB-0904,Одежда,114,59,59,false,ELIGIBLE,Фото,3.9
LAB1000-0906,Садовый шланг LAB-0906,Красота,115,59,59,true,ELIGIBLE,Фото,5.6
LAB1000-0918,Автомагнитола LAB-0918,Детские товары,116,59,59,true,ELIGIBLE,CTR,-6.1
LAB1000-0613,Автомагнитола LAB-0613,Дом и сад,117,58.8,56,false,ELIGIBLE,Фото,5.3
LAB1000-0631,Мяч футбольный LAB-0631,Инструменты,118,58.8,56,false,ELIGIBLE,SEO,-4.3
LAB1000-0703,Шуруповёрт LAB-0703,Дом и сад,119,58.8,56,false,ELIGIBLE,Фото,3.5
LAB1000-0775,Мяч футбольный LAB-0775,Спорт,120,58.8,56,false,ELIGIBLE,Описание,-3.8
LAB1000-0820,Дрель LAB-0820,Сад,121,58.8,56,false,ELIGIBLE,Фото,5.3
LAB1000-0901,Кроссовки LAB-0901,Инструменты,122,58.8,56,false,ELIGIBLE,Фото,4.4
LAB1000-0964,Автомагнитола LAB-0964,Одежда,123,58.8,56,false,ELIGIBLE,CTR,-6.8
LAB1000-0042,Куртка LAB-0042,Электроника,124,58,58,false,ELIGIBLE,Фото,4.8
LAB1000-0066,Автомагнитола LAB-0066,Красота,125,58,58,false,ELIGIBLE,Доверие,4.2
LAB1000-0072,Наушники LAB-0072,Электроника,126,58,58,false,ELIGIBLE,CTR,-4.1
LAB1000-0091,Кроссовки LAB-0091,Инструменты,127,58,58,true,ELIGIBLE,CTR,-4
LAB1000-0108,Дрель LAB-0108,Детские товары,128,58,58,true,ELIGIBLE,Фото,4.2
LAB1000-0126,Кроссовки LAB-0126,Красота,129,58,58,false,ELIGIBLE,Фото,4.5
LAB1000-0142,Рюкзак LAB-0142,Электроника,130,58,58,false,ELIGIBLE,CTR,-6.1
LAB1000-0147,Шуруповёрт LAB-0147,Авто,131,58,58,false,ELIGIBLE,Доверие,4.7
LAB1000-0169,Конструктор LAB-0169,Продукты,132,58,58,false,ELIGIBLE,Фото,3.5
LAB1000-0194,Кофемашина LAB-0194,Одежда,133,58,58,false,ELIGIBLE,Фото,5.7
LAB1000-0231,Кроссовки LAB-0231,Инструменты,134,58,58,true,NOT_ELIGIBLE,Фото,4.8
LAB1000-0245,Оливковое масло LAB-0245,Спорт,135,58,58,false,ELIGIBLE,Фото,3.5
LAB1000-0264,Конструктор LAB-0264,Одежда,136,58,58,false,ELIGIBLE,CTR,-8.6
LAB1000-0269,Оливковое масло LAB-0269,Продукты,137,58,58,false,ELIGIBLE,Доверие,3.6
LAB1000-0281,Смарт-часы LAB-0281,Инструменты,138,58,58,false,ELIGIBLE,Фото,4.8
LAB1000-0284,Наушники LAB-0284,Одежда,139,58,58,false,ELIGIBLE,Фото,3.9
LAB1000-0293,Автомагнитола LAB-0293,Дом и сад,140,58,58,false,ELIGIBLE,Категория,2.8
LAB1000-0319,Кофемашина LAB-0319,Продукты,141,58,58,false,ELIGIBLE,SEO,-4.3
LAB1000-0327,Наушники LAB-0327,Авто,142,58,58,false,ELIGIBLE,CTR,-7.7
LAB1000-0332,Смарт-часы LAB-0332,Электроника,143,58,58,false,ELIGIBLE,Фото,6.2
LAB1000-0342,Крем для лица LAB-0342,Электроника,144,58,58,true,ELIGIBLE,Фото,4.7
LAB1000-0346,Наушники LAB-0346,Красота,145,58,58,true,NOT_ELIGIBLE,Фото,4.5
LAB1000-0425,Куртка LAB-0425,Спорт,146,58,58,true,ELIGIBLE,Отзывы,3.4
LAB1000-0456,Кроссовки LAB-0456,Красота,147,58,58,false,ELIGIBLE,CTR,-3.4
LAB1000-0457,Смарт-часы LAB-0457,Авто,148,58,58,false,ELIGIBLE,Фото,4.8
LAB1000-0476,Кофемашина LAB-0476,Красота,149,58,58,true,ELIGIBLE,Фото,4.7
LAB1000-0477,Кроссовки LAB-0477,Авто,150,58,58,false,ELIGIBLE,CTR,-6.1
LAB1000-0516,Оливковое масло LAB-0516,Красота,151,58,58,false,ELIGIBLE,CTR,-6.1
LAB1000-0519,Автомагнитола LAB-0519,Продукты,152,58,58,false,ELIGIBLE,CTR,-5.2
LAB1000-0538,Шуруповёрт LAB-0538,Детские товары,153,58,58,false,ELIGIBLE,Доверие,4.4
LAB1000-0569,Наушники LAB-0569,Продукты,154,58,58,false,ELIGIBLE,Фото,3.5
LAB1000-0571,Дрель LAB-0571,Инструменты,155,58,58,false,ELIGIBLE,CTR,-4.3
LAB1000-0582,Садовый шланг LAB-0582,Электроника,156,58,58,false,ELIGIBLE,CTR,-6.8
LAB1000-0614,Дрель LAB-0614,Одежда,157,58,58,true,ELIGIBLE,CTR,-3.4
LAB1000-0653,Пылесос LAB-0653,Дом и сад,158,58,58,false,ELIGIBLE,CTR,-8.6
LAB1000-0664,Мяч футбольный LAB-0664,Одежда,159,58,58,false,ELIGIBLE,Доверие,4
LAB1000-0683,Крем для лица LAB-0683,Дом и сад,160,58,58,false,ELIGIBLE,Доверие,4.1
LAB1000-0696,Садовый шланг LAB-0696,Красота,161,58,58,false,ELIGIBLE,Фото,5.4
LAB1000-0785,Наушники LAB-0785,Спорт,162,58,58,false,ELIGIBLE,Фото,5.3
LAB1000-0798,Кроссовки LAB-0798,Детские товары,163,58,58,false,ELIGIBLE,CTR,-6.8
LAB1000-0818,Шуруповёрт LAB-0818,Детские товары,164,58,58,false,ELIGIBLE,Фото,4.8
LAB1000-0825,Пылесос LAB-0825,Спорт,165,58,58,false,ELIGIBLE,Фото,5.3
LAB1000-0833,Крем для лица LAB-0833,Дом и сад,166,58,58,false,ELIGIBLE,Фото,4.4
LAB1000-0835,Конструктор LAB-0835,Спорт,167,58,58,false,ELIGIBLE,CTR,-6.1
LAB1000-0846,Рюкзак LAB-0846,Красота,168,58,58,true,ELIGIBLE,Фото,4.2
LAB1000-0856,Крем для лица LAB-0856,Красота,169,58,58,true,ELIGIBLE,Отзывы,3.7
LAB1000-0880,Шуруповёрт LAB-0880,Сад,170,58,58,false,ELIGIBLE,Фото,3
LAB1000-0881,Куртка LAB-0881,Инструменты,171,58,58,true,ELIGIBLE,Фото,3.8
LAB1000-0915,Автомагнитола LAB-0915,Спорт,172,58,58,false,ELIGIBLE,CTR,-6.1
LAB1000-0945,Пылесос LAB-0945,Спорт,173,58,58,false,ELIGIBLE,Отзывы,3.7
LAB1000-0951,Дрель LAB-0951,Инструменты,174,58,58,false,ELIGIBLE,Описание,-3.3
LAB1000-0199,Смарт-часы LAB-0199,Продукты,175,57.8,55,false,ELIGIBLE,Фото,6.2
LAB1000-0262,Рюкзак LAB-0262,Электроника,176,57.8,55,false,ELIGIBLE,CTR,-8.6
LAB1000-0370,Автомагнитола LAB-0370,Сад,177,57.8,55,false,ELIGIBLE,Фото,5.3
LAB1000-0424,Наушники LAB-0424,Одежда,178,57.8,55,false,ELIGIBLE,Фото,3.9
LAB1000-0532,Мяч футбольный LAB-0532,Электроника,179,57.8,55,false,ELIGIBLE,SEO,-4
LAB1000-0595,Садовый шланг LAB-0595,Спорт,180,57.8,55,false,ELIGIBLE,CTR,-6.1
LAB1000-0784,Дрель LAB-0784,Одежда,181,57.8,55,false,ELIGIBLE,SEO,-3.7
LAB1000-0802,Кофемашина LAB-0802,Электроника,182,57.8,55,false,ELIGIBLE,CTR,-5.2
LAB1000-0007,Автомагнитола LAB-0007,Авто,183,57,57,false,ELIGIBLE,Фото,4.8
LAB1000-0012,Куртка LAB-0012,Электроника,184,57,57,false,ELIGIBLE,CTR,-3.4
LAB1000-0013,Наушники LAB-0013,Дом и сад,185,57,57,false,ELIGIBLE,CTR,-5.2
LAB1000-0017,Автомагнитола LAB-0017,Авто,186,57,57,false,ELIGIBLE,Доверие,4.1
LAB1000-0022,Смарт-часы LAB-0022,Электроника,187,57,57,false,ELIGIBLE,CTR,-3.2
LAB1000-0025,Шуруповёрт LAB-0025,Спорт,188,57,57,false,ELIGIBLE,Фото,3.5
LAB1000-0068,Кроссовки LAB-0068,Детские товары,189,57,57,false,ELIGIBLE,Фото,5.7
LAB1000-0074,Крем для лица LAB-0074,Одежда,190,57,57,false,ELIGIBLE,CTR,-6.1
LAB1000-0084,Крем для лица LAB-0084,Одежда,191,57,57,false,ELIGIBLE,CTR,-7.7
LAB1000-0125,Мяч футбольный LAB-0125,Спорт,192,57,57,false,ELIGIBLE,Фото,3.9
LAB1000-0129,Крем для лица LAB-0129,Продукты,193,57,57,false,ELIGIBLE,Доверие,3.2
LAB1000-0133,Рюкзак LAB-0133,Дом и сад,194,57,57,false,ELIGIBLE,Доверие,4.4
LAB1000-0141,Куртка LAB-0141,Инструменты,195,57,57,false,ELIGIBLE,SEO,-3
LAB1000-0143,Шуруповёрт LAB-0143,Дом и сад,196,57,57,false,ELIGIBLE,CTR,-5.2
LAB1000-0155,Кофемашина LAB-0155,Спорт,197,57,57,false,ELIGIBLE,Категория,2.8
LAB1000-0163,Садовый шланг LAB-0163,Дом и сад,198,57,57,true,ELIGIBLE,Фото,5.1
LAB1000-0218,Мяч футбольный LAB-0218,Детские товары,199,57,57,false,ELIGIBLE,Фото,3
LAB1000-0220,Садовый шланг LAB-0220,Сад,200,57,57,false,ELIGIBLE,SEO,-4.3
LAB1000-0221,Оливковое масло LAB-0221,Инструменты,201,57,57,false,ELIGIBLE,SEO,-4.3
LAB1000-0233,Куртка LAB-0233,Дом и сад,202,57,57,false,ELIGIBLE,Фото,3.2
LAB1000-0243,Шуруповёрт LAB-0243,Дом и сад,203,57,57,false,ELIGIBLE,Фото,6.2
LAB1000-0246,Наушники LAB-0246,Красота,204,57,57,false,ELIGIBLE,CTR,-5.2
LAB1000-0248,Шуруповёрт LAB-0248,Детские товары,205,57,57,false,ELIGIBLE,Доверие,4.6
LAB1000-0279,Пылесос LAB-0279,Продукты,206,57,57,true,ELIGIBLE,Описание,-3.8
LAB1000-0282,Оливковое масло LAB-0282,Электроника,207,57,57,false,ELIGIBLE,Доверие,4.7
LAB1000-0286,Садовый шланг LAB-0286,Красота,208,57,57,false,ELIGIBLE,SEO,-3.7
LAB1000-0289,Дрель LAB-0289,Продукты,209,57,57,true,ELIGIBLE,CTR,-6.1
LAB1000-0299,Автомагнитола LAB-0299,Продукты,210,57,57,false,ELIGIBLE,CTR,-5.2
LAB1000-0304,Шуруповёрт LAB-0304,Одежда,211,57,57,false,ELIGIBLE,Фото,5.4
LAB1000-0318,Кроссовки LAB-0318,Детские товары,212,57,57,false,ELIGIBLE,Отзывы,3.7
LAB1000-0336,Кроссовки LAB-0336,Красота,213,57,57,false,ELIGIBLE,SEO,-4.3
LAB1000-0338,Крем для лица LAB-0338,Детские товары,214,57,57,false,ELIGIBLE,Доверие,3.6
LAB1000-0355,Оливковое масло LAB-0355,Спорт,215,57,57,false,ELIGIBLE,Фото,4.4
LAB1000-0411,Кроссовки LAB-0411,Инструменты,216,57,57,false,ELIGIBLE,CTR,-7.9
LAB1000-0441,Смарт-часы LAB-0441,Инструменты,217,57,57,false,ELIGIBLE,CTR,-6.1
LAB1000-0463,Рюкзак LAB-0463,Дом и сад,218,57,57,false,ELIGIBLE,CTR,-4.3
LAB1000-0506,Кроссовки LAB-0506,Красота,219,57,57,false,ELIGIBLE,Доверие,4.6
LAB1000-0533,Шуруповёрт LAB-0533,Дом и сад,220,57,57,true,ELIGIBLE,Фото,4.7
LAB1000-0555,Крем для лица LAB-0555,Спорт,221,57,57,true,ELIGIBLE,Фото,4.2
LAB1000-0573,Куртка LAB-0573,Дом и сад,222,57,57,true,ELIGIBLE,Фото,2.9
LAB1000-0589,Крем для лица LAB-0589,Продукты,223,57,57,false,ELIGIBLE,Фото,4.8
LAB1000-0606,Пылесос LAB-0606,Красота,224,57,57,false,ELIGIBLE,CTR,-8.6
LAB1000-0633,Конструктор LAB-0633,Дом и сад,225,57,57,false,ELIGIBLE,Фото,5.7
LAB1000-0642,Автомагнитола LAB-0642,Электроника,226,57,57,false,ELIGIBLE,Фото,6.2
LAB1000-0654,Оливковое масло LAB-0654,Одежда,227,57,57,false,ELIGIBLE,Фото,5
LAB1000-0658,Рюкзак LAB-0658,Детские товары,228,57,57,true,ELIGIBLE,Фото,4.7
LAB1000-0681,Наушники LAB-0681,Инструменты,229,57,57,false,ELIGIBLE,Фото,4.8
LAB1000-0692,Кофемашина LAB-0692,Электроника,230,57,57,false,ELIGIBLE,CTR,-5.9
LAB1000-0714,Садовый шланг LAB-0714,Одежда,231,57,57,true,NOT_ELIGIBLE,Фото,5.7
LAB1000-0727,Автомагнитола LAB-0727,Авто,232,57,57,false,ELIGIBLE,CTR,-7.7
LAB1000-0752,Крем для лица LAB-0752,Электроника,233,57,57,true,ELIGIBLE,CTR,-5.9
LAB1000-0786,Смарт-часы LAB-0786,Красота,234,57,57,false,ELIGIBLE,Категория,2.8
LAB1000-0794,Наушники LAB-0794,Одежда,235,57,57,false,ELIGIBLE,SEO,-4.3
LAB1000-0821,Куртка LAB-0821,Инструменты,236,57,57,false,ELIGIBLE,Отзывы,3.4
LAB1000-0840,Смарт-часы LAB-0840,Сад,237,57,57,false,ELIGIBLE,CTR,-7
LAB1000-0848,Пылесос LAB-0848,Детские товары,238,57,57,false,ELIGIBLE,Фото,6.2
LAB1000-0896,Кроссовки LAB-0896,Красота,239,57,57,false,ELIGIBLE,Фото,5.4
LAB1000-0899,Крем для лица LAB-0899,Продукты,240,57,57,false,ELIGIBLE,Фото,6.2
LAB1000-0929,Оливковое масло LAB-0929,Продукты,241,57,57,false,ELIGIBLE,Фото,5.7
LAB1000-0931,Мяч футбольный LAB-0931,Инструменты,242,57,57,false,ELIGIBLE,CTR,-7.7
LAB1000-0936,Кроссовки LAB-0936,Красота,243,57,57,false,ELIGIBLE,CTR,-6.1
LAB1000-0953,Кофемашина LAB-0953,Дом и сад,244,57,57,false,ELIGIBLE,Фото,5.7
LAB1000-0954,Оливковое масло LAB-0954,Одежда,245,57,57,false,ELIGIBLE,Конверсия,-3.4
LAB1000-0037,Крем для лица LAB-0037,Авто,246,56.7,54,false,ELIGIBLE,Фото,5
LAB1000-0235,Шуруповёрт LAB-0235,Спорт,247,56.7,54,false,ELIGIBLE,Фото,4.4
LAB1000-0343,Кофемашина LAB-0343,Дом и сад,248,56.7,54,false,ELIGIBLE,CTR,-5.2
LAB1000-0541,Конструктор LAB-0541,Инструменты,249,56.7,54,false,ELIGIBLE,Отзывы,3.4
LAB1000-0676,Рюкзак LAB-0676,Красота,250,56.7,54,false,ELIGIBLE,CTR,-4.7
LAB1000-0694,Пылесос LAB-0694,Одежда,251,56.7,54,false,ELIGIBLE,Категория,2.8
LAB1000-0811,Куртка LAB-0811,Инструменты,252,56.7,54,false,ELIGIBLE,CTR,-6.1
LAB1000-0847,Автомагнитола LAB-0847,Авто,253,56.7,54,false,ELIGIBLE,CTR,-6.8
LAB1000-0910,Кроссовки LAB-0910,Сад,254,56.7,54,false,ELIGIBLE,Доверие,4.4
LAB1000-0045,Шуруповёрт LAB-0045,Спорт,255,56,56,false,ELIGIBLE,CTR,-4.3
LAB1000-0052,Крем для лица LAB-0052,Электроника,256,56,56,false,ELIGIBLE,CTR,-7.7
LAB1000-0075,Оливковое масло LAB-0075,Спорт,257,56,56,true,ELIGIBLE,Фото,3.8
LAB1000-0095,Оливковое масло LAB-0095,Спорт,258,56,56,false,ELIGIBLE,Фото,3.9
LAB1000-0096,Оливковое масло LAB-0096,Красота,259,56,56,false,ELIGIBLE,SEO,-3
LAB1000-0099,Крем для лица LAB-0099,Продукты,260,56,56,false,ELIGIBLE,Категория,2.8
LAB1000-0101,Смарт-часы LAB-0101,Инструменты,261,56,56,false,ELIGIBLE,Описание,-3.3
LAB1000-0102,Куртка LAB-0102,Электроника,262,56,56,false,ELIGIBLE,CTR,-6.8
LAB1000-0107,Дрель LAB-0107,Авто,263,56,56,true,ELIGIBLE,CTR,-5.9
LAB1000-0114,Куртка LAB-0114,Одежда,264,56,56,false,ELIGIBLE,Фото,6.2
LAB1000-0115,Конструктор LAB-0115,Спорт,265,56,56,false,ELIGIBLE,CTR,-6.8
LAB1000-0121,Смарт-часы LAB-0121,Инструменты,266,56,56,false,ELIGIBLE,Доверие,4
LAB1000-0149,Наушники LAB-0149,Продукты,267,56,56,false,ELIGIBLE,Фото,5.9
LAB1000-0151,Шуруповёрт LAB-0151,Инструменты,268,56,56,false,ELIGIBLE,CTR,-7.7
LAB1000-0152,Крем для лица LAB-0152,Электроника,269,56,56,false,ELIGIBLE,Отзывы,3.4
LAB1000-0160,Наушники LAB-0160,Сад,270,56,56,false,ELIGIBLE,CTR,-3.4
LAB1000-0180,Оливковое масло LAB-0180,Сад,271,56,56,false,ELIGIBLE,CTR,-5.2
LAB1000-0203,Автомагнитола LAB-0203,Дом и сад,272,56,56,false,ELIGIBLE,Фото,4.4
LAB1000-0204,Куртка LAB-0204,Одежда,273,56,56,false,ELIGIBLE,CTR,-4.3
LAB1000-0223,Крем для лица LAB-0223,Дом и сад,274,56,56,false,ELIGIBLE,Фото,5
LAB1000-0227,Оливковое масло LAB-0227,Авто,275,56,56,false,ELIGIBLE,Фото,5.7
LAB1000-0236,Рюкзак LAB-0236,Красота,276,56,56,false,ELIGIBLE,Отзывы,3.7
LAB1000-0250,Наушники LAB-0250,Сад,277,56,56,false,ELIGIBLE,Фото,6.2
LAB1000-0259,Кроссовки LAB-0259,Продукты,278,56,56,false,ELIGIBLE,SEO,-4
LAB1000-0301,Куртка LAB-0301,Инструменты,279,56,56,false,ELIGIBLE,Фото,6.2
LAB1000-0309,Крем для лица LAB-0309,Продукты,280,56,56,true,ELIGIBLE,Фото,4.7
LAB1000-0315,Смарт-часы LAB-0315,Спорт,281,56,56,false,ELIGIBLE,CTR,-8.6
LAB1000-0320,Шуруповёрт LAB-0320,Сад,282,56,56,false,ELIGIBLE,Фото,5.3
LAB1000-0347,Садовый шланг LAB-0347,Авто,283,56,56,false,ELIGIBLE,CTR,-5.9
LAB1000-0350,Мяч футбольный LAB-0350,Сад,284,56,56,true,NOT_ELIGIBLE,Фото,-5.1
LAB1000-0374,Куртка LAB-0374,Одежда,285,56,56,false,ELIGIBLE,SEO,-4.3
LAB1000-0395,Куртка LAB-0395,Спорт,286,56,56,false,ELIGIBLE,CTR,-7.7
LAB1000-0405,Шуруповёрт LAB-0405,Спорт,287,56,56,true,ELIGIBLE,Доверие,3.7
LAB1000-0481,Крем для лица LAB-0481,Инструменты,288,56,56,false,ELIGIBLE,Фото,3.5
LAB1000-0483,Наушники LAB-0483,Дом и сад,289,56,56,false,ELIGIBLE,Фото,3.5
LAB1000-0503,Наушники LAB-0503,Дом и сад,290,56,56,false,ELIGIBLE,Фото,5.3
LAB1000-0521,Кофемашина LAB-0521,Инструменты,291,56,56,false,ELIGIBLE,CTR,-7
LAB1000-0524,Рюкзак LAB-0524,Одежда,292,56,56,false,ELIGIBLE,CTR,-6.7
LAB1000-0527,Конструктор LAB-0527,Авто,293,56,56,false,ELIGIBLE,Фото,4.1
LAB1000-0560,Крем для лица LAB-0560,Сад,294,56,56,false,ELIGIBLE,Доверие,4.1
LAB1000-0590,Кофемашина LAB-0590,Сад,295,56,56,false,ELIGIBLE,Доверие,3.6
LAB1000-0591,Автомагнитола LAB-0591,Инструменты,296,56,56,false,ELIGIBLE,Фото,4.4
LAB1000-0593,Конструктор LAB-0593,Дом и сад,297,56,56,false,ELIGIBLE,Фото,6.2
LAB1000-0635,Автомагнитола LAB-0635,Спорт,298,56,56,false,ELIGIBLE,Описание,-3.5
LAB1000-0644,Мяч футбольный LAB-0644,Одежда,299,56,56,true,ELIGIBLE,SEO,-4.3
LAB1000-0661,Садовый шланг LAB-0661,Инструменты,300,56,56,false,ELIGIBLE,CTR,-3.4
LAB1000-0663,Оливковое масло LAB-0663,Дом и сад,301,56,56,false,ELIGIBLE,Описание,-2.8
LAB1000-0679,Кофемашина LAB-0679,Продукты,302,56,56,false,ELIGIBLE,Категория,2.8
LAB1000-0695,Куртка LAB-0695,Спорт,303,56,56,false,ELIGIBLE,CTR,-3.2
LAB1000-0723,Крем для лица LAB-0723,Дом и сад,304,56,56,false,ELIGIBLE,Фото,5.3
LAB1000-0729,Кроссовки LAB-0729,Продукты,305,56,56,false,ELIGIBLE,Фото,3
LAB1000-0738,Мяч футбольный LAB-0738,Детские товары,306,56,56,false,ELIGIBLE,CTR,-4.3
LAB1000-0740,Крем для лица LAB-0740,Сад,307,56,56,false,ELIGIBLE,Фото,3.5
LAB1000-0790,Мяч футбольный LAB-0790,Сад,308,56,56,false,ELIGIBLE,CTR,-5.2
LAB1000-0797,Садовый шланг LAB-0797,Авто,309,56,56,true,ELIGIBLE,CTR,-4.3
LAB1000-0801,Смарт-часы LAB-0801,Инструменты,310,56,56,false,ELIGIBLE,CTR,-6.1
LAB1000-0843,Дрель LAB-0843,Дом и сад,311,56,56,false,ELIGIBLE,Фото,6.2
LAB1000-0884,Мяч футбольный LAB-0884,Одежда,312,56,56,true,ELIGIBLE,Доверие,4.6
LAB1000-0907,Кофемашина LAB-0907,Авто,313,56,56,false,ELIGIBLE,Фото,6.2
LAB1000-0920,Садовый шланг LAB-0920,Сад,314,56,56,false,ELIGIBLE,Фото,5.3
LAB1000-0940,Рюкзак LAB-0940,Сад,315,56,56,false,ELIGIBLE,Фото,3.5
LAB1000-0943,Садовый шланг LAB-0943,Дом и сад,316,56,56,false,ELIGIBLE,Отзывы,3.4
LAB1000-0961,Автомагнитола LAB-0961,Инструменты,317,56,56,false,ELIGIBLE,CTR,-5.2
LAB1000-0966,Шуруповёрт LAB-0966,Красота,318,56,56,false,ELIGIBLE,Конверсия,-3.4
LAB1000-0984,Пылесос LAB-0984,Одежда,319,56,56,true,NOT_ELIGIBLE,Отзывы,3.7
LAB1000-0993,fake reviews bot,Дом и сад,320,56,56,true,ELIGIBLE,Фото,5.6
LAB1000-0010,Наушники LAB-0010,Сад,321,55.7,53,false,ELIGIBLE,CTR,-6.1
LAB1000-0154,Дрель LAB-0154,Одежда,322,55.7,53,false,ELIGIBLE,CTR,-8.6
LAB1000-0550,Садовый шланг LAB-0550,Сад,323,55.7,53,false,ELIGIBLE,CTR,-4.3
LAB1000-0568,Наушники LAB-0568,Детские товары,324,55.7,53,false,ELIGIBLE,CTR,-8.6
LAB1000-0649,Оливковое масло LAB-0649,Продукты,325,55.7,53,false,ELIGIBLE,CTR,-8.6
LAB1000-0766,Оливковое масло LAB-0766,Красота,326,55.7,53,false,ELIGIBLE,CTR,-8.5
LAB1000-0005,Дрель LAB-0005,Спорт,327,55,55,true,ELIGIBLE,SEO,-4
LAB1000-0006,Крем для лица LAB-0006,Красота,328,55,55,false,ELIGIBLE,SEO,-4
LAB1000-0033,Дрель LAB-0033,Дом и сад,329,55,55,false,ELIGIBLE,CTR,-8.6
LAB1000-0039,Конструктор LAB-0039,Продукты,330,55,55,false,ELIGIBLE,CTR,-4.3
LAB1000-0049,Садовый шланг LAB-0049,Продукты,331,55,55,false,ELIGIBLE,Фото,5.3
LAB1000-0067,Крем для лица LAB-0067,Авто,332,55,55,true,ELIGIBLE,CTR,-3.6
LAB1000-0081,Шуруповёрт LAB-0081,Инструменты,333,55,55,false,ELIGIBLE,CTR,-3.4
LAB1000-0092,Рюкзак LAB-0092,Электроника,334,55,55,false,ELIGIBLE,Фото,5.3
LAB1000-0122,Рюкзак LAB-0122,Электроника,335,55,55,false,ELIGIBLE,SEO,-4.3
LAB1000-0134,Дрель LAB-0134,Одежда,336,55,55,false,ELIGIBLE,Фото,4.8
LAB1000-0146,Шуруповёрт LAB-0146,Красота,337,55,55,false,ELIGIBLE,CTR,-4.3
LAB1000-0150,Оливковое масло LAB-0150,Сад,338,55,55,false,ELIGIBLE,SEO,-4.3
LAB1000-0157,Крем для лица LAB-0157,Авто,339,55,55,false,ELIGIBLE,CTR,-4.3
LAB1000-0167,Рюкзак LAB-0167,Авто,340,55,55,false,ELIGIBLE,CTR,-6.8
LAB1000-0184,Пылесос LAB-0184,Одежда,341,55,55,false,ELIGIBLE,Фото,4.5
LAB1000-0189,Смарт-часы LAB-0189,Продукты,342,55,55,false,ELIGIBLE,Доверие,4.7
LAB1000-0192,Рюкзак LAB-0192,Электроника,343,55,55,false,ELIGIBLE,Описание,-2.8
LAB1000-0200,Рюкзак LAB-0200,Сад,344,55,55,false,ELIGIBLE,CTR,-6.8
LAB1000-0201,Куртка LAB-0201,Инструменты,345,55,55,false,ELIGIBLE,Отзывы,3.7
LAB1000-0207,Автомагнитола LAB-0207,Авто,346,55,55,false,ELIGIBLE,SEO,-4.3
LAB1000-0224,Смарт-часы LAB-0224,Одежда,347,55,55,false,ELIGIBLE,Фото,5.7
LAB1000-0237,Садовый шланг LAB-0237,Авто,348,55,55,false,ELIGIBLE,CTR,-4
LAB1000-0254,Кофемашина LAB-0254,Одежда,349,55,55,true,NOT_ELIGIBLE,Фото,4.8
LAB1000-0260,Автомагнитола LAB-0260,Сад,350,55,55,false,ELIGIBLE,CTR,-5.2
LAB1000-0263,Кроссовки LAB-0263,Дом и сад,351,55,55,false,ELIGIBLE,CTR,-7.7
LAB1000-0290,Автомагнитола LAB-0290,Сад,352,55,55,true,ELIGIBLE,SEO,-3.3
LAB1000-0296,Автомагнитола LAB-0296,Красота,353,55,55,false,ELIGIBLE,Фото,6.2
LAB1000-0306,Конструктор LAB-0306,Красота,354,55,55,false,ELIGIBLE,CTR,-6.8
LAB1000-0326,Кофемашина LAB-0326,Красота,355,55,55,false,ELIGIBLE,SEO,-4
LAB1000-0328,Оливковое масло LAB-0328,Детские товары,356,55,55,true,ELIGIBLE,CTR,-5.2
LAB1000-0341,Садовый шланг LAB-0341,Инструменты,357,55,55,false,ELIGIBLE,SEO,-4.3
LAB1000-0344,Садовый шланг LAB-0344,Одежда,358,55,55,false,ELIGIBLE,Категория,2.8
LAB1000-0377,Куртка LAB-0377,Авто,359,55,55,false,ELIGIBLE,Фото,3.9
LAB1000-0389,Мяч футбольный LAB-0389,Продукты,360,55,55,false,ELIGIBLE,Отзывы,3.7
LAB1000-0402,Пылесос LAB-0402,Электроника,361,55,55,false,ELIGIBLE,Фото,6.2
LAB1000-0407,Автомагнитола LAB-0407,Авто,362,55,55,false,ELIGIBLE,Отзывы,3.7
LAB1000-0431,Конструктор LAB-0431,Инструменты,363,55,55,false,ELIGIBLE,Фото,6.2
LAB1000-0443,Автомагнитола LAB-0443,Дом и сад,364,55,55,false,ELIGIBLE,Фото,5.7
LAB1000-0446,Дрель LAB-0446,Красота,365,55,55,false,ELIGIBLE,CTR,-5.2
LAB1000-0454,Оливковое масло LAB-0454,Одежда,366,55,55,true,ELIGIBLE,CTR,-7
LAB1000-0459,Пылесос LAB-0459,Продукты,367,55,55,false,ELIGIBLE,Фото,4.8
LAB1000-0465,Наушники LAB-0465,Спорт,368,55,55,false,ELIGIBLE,Категория,2.8
LAB1000-0493,Куртка LAB-0493,Дом и сад,369,55,55,false,ELIGIBLE,Категория,2.8
LAB1000-0512,Крем для лица LAB-0512,Электроника,370,55,55,false,ELIGIBLE,Фото,4.8
LAB1000-0552,Куртка LAB-0552,Электроника,371,55,55,false,ELIGIBLE,Отзывы,3.4
LAB1000-0564,Крем для лица LAB-0564,Одежда,372,55,55,false,ELIGIBLE,Конверсия,-3.4
LAB1000-0574,Кроссовки LAB-0574,Одежда,373,55,55,false,ELIGIBLE,CTR,-7.6
LAB1000-0588,Дрель LAB-0588,Детские товары,374,55,55,false,ELIGIBLE,CTR,-6.8
LAB1000-0605,Садовый шланг LAB-0605,Спорт,375,55,55,false,ELIGIBLE,Доверие,4.6
LAB1000-0616,Куртка LAB-0616,Красота,376,55,55,false,ELIGIBLE,Фото,5.3
LAB1000-0625,Смарт-часы LAB-0625,Спорт,377,55,55,false,ELIGIBLE,CTR,-8.6
LAB1000-0629,Кроссовки LAB-0629,Продукты,378,55,55,false,ELIGIBLE,Фото,5.7
LAB1000-0630,Шуруповёрт LAB-0630,Сад,379,55,55,false,ELIGIBLE,Категория,2.8
LAB1000-0638,Оливковое масло LAB-0638,Детские товары,380,55,55,false,ELIGIBLE,Фото,6.2
LAB1000-0648,Смарт-часы LAB-0648,Детские товары,381,55,55,false,ELIGIBLE,Доверие,4.7
LAB1000-0665,Мяч футбольный LAB-0665,Спорт,382,55,55,false,ELIGIBLE,Категория,2.8
LAB1000-0670,Крем для лица LAB-0670,Сад,383,55,55,false,ELIGIBLE,CTR,-3.6
LAB1000-0697,Крем для лица LAB-0697,Авто,384,55,55,false,ELIGIBLE,CTR,-7.7
LAB1000-0701,Кроссовки LAB-0701,Инструменты,385,55,55,true,ELIGIBLE,CTR,-4.3
LAB1000-0717,Садовый шланг LAB-0717,Авто,386,55,55,false,ELIGIBLE,CTR,-7.7
LAB1000-0722,Рюкзак LAB-0722,Электроника,387,55,55,false,ELIGIBLE,Фото,3.6
LAB1000-0725,Смарт-часы LAB-0725,Спорт,388,55,55,false,ELIGIBLE,CTR,-4.3
LAB1000-0765,Смарт-часы LAB-0765,Спорт,389,55,55,true,ELIGIBLE,CTR,-7.6
LAB1000-0778,Оливковое масло LAB-0778,Детские товары,390,55,55,false,ELIGIBLE,SEO,-4.3
LAB1000-0780,Дрель LAB-0780,Сад,391,55,55,false,ELIGIBLE,CTR,-6.1
LAB1000-0789,Мяч футбольный LAB-0789,Продукты,392,55,55,false,ELIGIBLE,Фото,5.7
LAB1000-0791,Кроссовки LAB-0791,Инструменты,393,55,55,false,ELIGIBLE,CTR,-4.3
LAB1000-0806,Мяч футбольный LAB-0806,Красота,394,55,55,true,NOT_ELIGIBLE,Фото,5.7
LAB1000-0807,Пылесос LAB-0807,Авто,395,55,55,false,ELIGIBLE,CTR,-8.6
LAB1000-0828,Шуруповёрт LAB-0828,Детские товары,396,55,55,false,ELIGIBLE,Фото,4.4
LAB1000-0878,Пылесос LAB-0878,Детские товары,397,55,55,false,ELIGIBLE,Фото,5.7
LAB1000-0912,Автомагнитола LAB-0912,Электроника,398,55,55,false,ELIGIBLE,CTR,-4.3
LAB1000-0978,Смарт-часы LAB-0978,Детские товары,399,55,55,false,ELIGIBLE,Фото,3
LAB1000-0109,Куртка LAB-0109,Продукты,400,54.6,52,false,ELIGIBLE,CTR,-6.8
LAB1000-0325,Пылесос LAB-0325,Спорт,401,54.6,52,false,ELIGIBLE,CTR,-5.2
LAB1000-0379,Оливковое масло LAB-0379,Продукты,402,54.6,52,false,ELIGIBLE,SEO,-3.3
LAB1000-0388,Крем для лица LAB-0388,Детские товары,403,54.6,52,false,ELIGIBLE,Конверсия,-3.1
LAB1000-0559,Смарт-часы LAB-0559,Продукты,404,54.6,52,false,ELIGIBLE,CTR,-6.8
LAB1000-0892,Садовый шланг LAB-0892,Электроника,405,54.6,52,false,ELIGIBLE,CTR,-7
LAB1000-0973,Шуруповёрт LAB-0973,Дом и сад,406,54.6,52,false,ELIGIBLE,CTR,-7
LAB1000-0002,Смарт-часы LAB-0002,Электроника,407,54,54,false,ELIGIBLE,CTR,-3.2
LAB1000-0023,Конструктор LAB-0023,Дом и сад,408,54,54,false,ELIGIBLE,SEO,-3.7
LAB1000-0030,Садовый шланг LAB-0030,Сад,409,54,54,false,ELIGIBLE,Фото,6.2
LAB1000-0032,Шуруповёрт LAB-0032,Электроника,410,54,54,false,ELIGIBLE,CTR,-4.3
LAB1000-0050,Садовый шланг LAB-0050,Сад,411,54,54,false,ELIGIBLE,CTR,-6.8
LAB1000-0055,Наушники LAB-0055,Спорт,412,54,54,true,ELIGIBLE,CTR,-6.8
LAB1000-0063,Дрель LAB-0063,Дом и сад,413,54,54,false,ELIGIBLE,Фото,3
LAB1000-0069,Садовый шланг LAB-0069,Продукты,414,54,54,false,ELIGIBLE,CTR,-7.7
LAB1000-0088,Оливковое масло LAB-0088,Детские товары,415,54,54,true,ELIGIBLE,SEO,-4
LAB1000-0089,Мяч футбольный LAB-0089,Продукты,416,54,54,false,ELIGIBLE,CTR,-6.7
LAB1000-0124,Кроссовки LAB-0124,Одежда,417,54,54,false,ELIGIBLE,Описание,-3.8
LAB1000-0128,Куртка LAB-0128,Детские товары,418,54,54,false,ELIGIBLE,CTR,-6.8
LAB1000-0158,Наушники LAB-0158,Детские товары,419,54,54,false,ELIGIBLE,CTR,-6.8
LAB1000-0162,Шуруповёрт LAB-0162,Электроника,420,54,54,true,NOT_ELIGIBLE,SEO,-4
LAB1000-0168,Конструктор LAB-0168,Детские товары,421,54,54,false,ELIGIBLE,Фото,5.3
LAB1000-0170,Рюкзак LAB-0170,Сад,422,54,54,true,ELIGIBLE,CTR,-8.6
LAB1000-0197,Шуруповёрт LAB-0197,Авто,423,54,54,true,ELIGIBLE,Отзывы,3.4
LAB1000-0205,Кофемашина LAB-0205,Спорт,424,54,54,true,ELIGIBLE,CTR,-3.4
LAB1000-0208,Пылесос LAB-0208,Детские товары,425,54,54,true,NOT_ELIGIBLE,Категория,2.8
LAB1000-0219,Куртка LAB-0219,Продукты,426,54,54,false,ELIGIBLE,CTR,-7.7
LAB1000-0222,Крем для лица LAB-0222,Электроника,427,54,54,false,ELIGIBLE,Описание,-3.3
LAB1000-0239,Наушники LAB-0239,Продукты,428,54,54,false,ELIGIBLE,Фото,5.3
LAB1000-0249,Кроссовки LAB-0249,Продукты,429,54,54,false,ELIGIBLE,CTR,-6.8
LAB1000-0265,Наушники LAB-0265,Спорт,430,54,54,false,ELIGIBLE,CTR,-4.3
LAB1000-0276,Рюкзак LAB-0276,Красота,431,54,54,false,ELIGIBLE,Категория,2.8
LAB1000-0310,Мяч футбольный LAB-0310,Сад,432,54,54,false,ELIGIBLE,CTR,-7
LAB1000-0354,Садовый шланг LAB-0354,Одежда,433,54,54,true,ELIGIBLE,CTR,-6.1
LAB1000-0356,Оливковое масло LAB-0356,Красота,434,54,54,false,ELIGIBLE,CTR,-8.6
LAB1000-0366,Рюкзак LAB-0366,Красота,435,54,54,false,ELIGIBLE,CTR,-7.7
LAB1000-0380,Садовый шланг LAB-0380,Сад,436,54,54,false,ELIGIBLE,Доверие,3.1
LAB1000-0390,Садовый шланг LAB-0390,Сад,437,54,54,false,ELIGIBLE,CTR,-7.7
LAB1000-0403,Смарт-часы LAB-0403,Дом и сад,438,54,54,false,ELIGIBLE,Категория,2.8
LAB1000-0416,Кофемашина LAB-0416,Красота,439,54,54,false,ELIGIBLE,CTR,-5.2
LAB1000-0419,Садовый шланг LAB-0419,Продукты,440,54,54,false,ELIGIBLE,Фото,6.2
LAB1000-0430,Садовый шланг LAB-0430,Сад,441,54,54,false,ELIGIBLE,CTR,-5.2
LAB1000-0453,Наушники LAB-0453,Дом и сад,442,54,54,false,ELIGIBLE,CTR,-7
LAB1000-0494,Кофемашина LAB-0494,Одежда,443,54,54,true,ELIGIBLE,Фото,5.6
LAB1000-0502,Оливковое масло LAB-0502,Электроника,444,54,54,false,ELIGIBLE,CTR,-7.7
LAB1000-0534,Мяч футбольный LAB-0534,Одежда,445,54,54,false,ELIGIBLE,CTR,-7.7
LAB1000-0549,Оливковое масло LAB-0549,Продукты,446,54,54,false,ELIGIBLE,CTR,-7.7
LAB1000-0554,Садовый шланг LAB-0554,Одежда,447,54,54,false,ELIGIBLE,CTR,-4.3
LAB1000-0585,Пылесос LAB-0585,Спорт,448,54,54,false,ELIGIBLE,Фото,4.4
LAB1000-0607,Крем для лица LAB-0607,Авто,449,54,54,false,ELIGIBLE,CTR,-8.6
LAB1000-0615,Наушники LAB-0615,Спорт,450,54,54,true,ELIGIBLE,CTR,-5.9
LAB1000-0655,Кофемашина LAB-0655,Спорт,451,54,54,false,ELIGIBLE,Конверсия,-3.1
LAB1000-0668,Конструктор LAB-0668,Детские товары,452,54,54,true,NOT_ELIGIBLE,Фото,5.3
LAB1000-0673,Мяч футбольный LAB-0673,Дом и сад,453,54,54,false,ELIGIBLE,CTR,-3.4
LAB1000-0680,Пылесос LAB-0680,Сад,454,54,54,false,ELIGIBLE,Фото,5.3
LAB1000-0686,Дрель LAB-0686,Красота,455,54,54,true,ELIGIBLE,SEO,-4
LAB1000-0698,Оливковое масло LAB-0698,Детские товары,456,54,54,false,ELIGIBLE,Описание,-3.3
LAB1000-0706,Конструктор LAB-0706,Красота,457,54,54,false,ELIGIBLE,CTR,-8.6
LAB1000-0708,Кроссовки LAB-0708,Детские товары,458,54,54,false,ELIGIBLE,Фото,5.3
LAB1000-0716,Автомагнитола LAB-0716,Красота,459,54,54,false,ELIGIBLE,CTR,-6.8
LAB1000-0724,Дрель LAB-0724,Одежда,460,54,54,false,ELIGIBLE,CTR,-8.6
LAB1000-0726,Смарт-часы LAB-0726,Красота,461,54,54,false,ELIGIBLE,CTR,-7
LAB1000-0731,Рюкзак LAB-0731,Инструменты,462,54,54,false,ELIGIBLE,CTR,-5.2
LAB1000-0735,Садовый шланг LAB-0735,Спорт,463,54,54,true,ELIGIBLE,CTR,-6.8
LAB1000-0741,Оливковое масло LAB-0741,Инструменты,464,54,54,false,ELIGIBLE,CTR,-5.9
LAB1000-0763,Крем для лица LAB-0763,Дом и сад,465,54,54,false,ELIGIBLE,CTR,-6.1
LAB1000-0776,Садовый шланг LAB-0776,Красота,466,54,54,false,ELIGIBLE,CTR,-7.7
LAB1000-0808,Наушники LAB-0808,Детские товары,467,54,54,false,ELIGIBLE,Фото,5.4
LAB1000-0814,Садовый шланг LAB-0814,Одежда,468,54,54,false,ELIGIBLE,Фото,5.3
LAB1000-0819,Кофемашина LAB-0819,Продукты,469,54,54,false,ELIGIBLE,CTR,-5.2
LAB1000-0826,Автомагнитола LAB-0826,Красота,470,54,54,false,ELIGIBLE,SEO,-3
LAB1000-0834,Куртка LAB-0834,Одежда,471,54,54,false,ELIGIBLE,Фото,4.8
LAB1000-0858,Крем для лица LAB-0858,Детские товары,472,54,54,false,ELIGIBLE,CTR,-6.1
LAB1000-0868,Пылесос LAB-0868,Детские товары,473,54,54,false,ELIGIBLE,CTR,-7.7
LAB1000-0873,Смарт-часы LAB-0873,Дом и сад,474,54,54,false,ELIGIBLE,SEO,-3.7
LAB1000-0905,Кроссовки LAB-0905,Спорт,475,54,54,true,ELIGIBLE,CTR,-5
LAB1000-0908,Шуруповёрт LAB-0908,Детские товары,476,54,54,false,ELIGIBLE,CTR,-7.7
LAB1000-0914,Рюкзак LAB-0914,Одежда,477,54,54,true,ELIGIBLE,CTR,-5.2
LAB1000-0930,Наушники LAB-0930,Сад,478,54,54,false,ELIGIBLE,CTR,-4.3
LAB1000-0938,Пылесос LAB-0938,Детские товары,479,54,54,false,ELIGIBLE,Фото,5.3
LAB1000-0942,Крем для лица LAB-0942,Электроника,480,54,54,false,ELIGIBLE,CTR,-7
LAB1000-0946,Садовый шланг LAB-0946,Красота,481,54,54,true,ELIGIBLE,Фото,3.3
LAB1000-0950,Пылесос LAB-0950,Сад,482,54,54,false,ELIGIBLE,CTR,-5.2
LAB1000-0999,SPAM SPAM SPAM,Продукты,483,54,54,false,ELIGIBLE,Описание,-3.3
LAB1000-0082,Кроссовки LAB-0082,Электроника,484,53.6,51,false,ELIGIBLE,CTR,-7
LAB1000-0145,Оливковое масло LAB-0145,Спорт,485,53.6,51,false,ELIGIBLE,CTR,-5.2
LAB1000-0253,Шуруповёрт LAB-0253,Дом и сад,486,53.6,51,false,ELIGIBLE,CTR,-6.8
LAB1000-0514,Автомагнитола LAB-0514,Одежда,487,53.6,51,false,ELIGIBLE,CTR,-5.9
LAB1000-0523,Кофемашина LAB-0523,Дом и сад,488,53.6,51,false,ELIGIBLE,CTR,-6.1
LAB1000-0015,Мяч футбольный LAB-0015,Спорт,489,53,53,false,ELIGIBLE,Фото,6.2
LAB1000-0020,Смарт-часы LAB-0020,Сад,490,53,53,false,ELIGIBLE,CTR,-6.8
LAB1000-0053,Наушники LAB-0053,Дом и сад,491,53,53,false,ELIGIBLE,CTR,-6.8
LAB1000-0054,Садовый шланг LAB-0054,Одежда,492,53,53,false,ELIGIBLE,CTR,-3.4
LAB1000-0058,Смарт-часы LAB-0058,Детские товары,493,53,53,false,ELIGIBLE,CTR,-8.6
LAB1000-0059,Конструктор LAB-0059,Продукты,494,53,53,true,ELIGIBLE,CTR,-7.7
LAB1000-0060,Наушники LAB-0060,Сад,495,53,53,false,ELIGIBLE,CTR,-4.3
LAB1000-0076,Оливковое масло LAB-0076,Красота,496,53,53,false,ELIGIBLE,CTR,-7.7
LAB1000-0083,Крем для лица LAB-0083,Дом и сад,497,53,53,false,ELIGIBLE,Фото,6.2
LAB1000-0090,Рюкзак LAB-0090,Сад,498,53,53,false,ELIGIBLE,Фото,4.8
LAB1000-0165,Рюкзак LAB-0165,Спорт,499,53,53,true,ELIGIBLE,SEO,-3.7
LAB1000-0166,Кофемашина LAB-0166,Красота,500,53,53,false,ELIGIBLE,CTR,-6.1
LAB1000-0171,Крем для лица LAB-0171,Инструменты,501,53,53,false,ELIGIBLE,CTR,-5.2
LAB1000-0173,Наушники LAB-0173,Дом и сад,502,53,53,false,ELIGIBLE,CTR,-7.7
LAB1000-0178,Садовый шланг LAB-0178,Детские товары,503,53,53,false,ELIGIBLE,CTR,-5.2
LAB1000-0195,Наушники LAB-0195,Спорт,504,53,53,false,ELIGIBLE,CTR,-8.6
LAB1000-0215,Смарт-часы LAB-0215,Спорт,505,53,53,false,ELIGIBLE,Фото,5.7
LAB1000-0256,Кроссовки LAB-0256,Красота,506,53,53,true,ELIGIBLE,CTR,-6.1
LAB1000-0258,Рюкзак LAB-0258,Детские товары,507,53,53,false,ELIGIBLE,CTR,-5.2
LAB1000-0291,Кофемашина LAB-0291,Инструменты,508,53,53,false,ELIGIBLE,CTR,-5
LAB1000-0303,Куртка LAB-0303,Дом и сад,509,53,53,false,ELIGIBLE,CTR,-7
LAB1000-0312,Садовый шланг LAB-0312,Электроника,510,53,53,false,ELIGIBLE,CTR,-5.2
LAB1000-0317,Куртка LAB-0317,Авто,511,53,53,false,ELIGIBLE,Фото,3
LAB1000-0335,Шуруповёрт LAB-0335,Спорт,512,53,53,true,ELIGIBLE,SEO,-3.7
LAB1000-0337,Крем для лица LAB-0337,Авто,513,53,53,true,ELIGIBLE,CTR,-5.2
LAB1000-0339,Оливковое масло LAB-0339,Продукты,514,53,53,false,ELIGIBLE,CTR,-7.7
LAB1000-0349,Куртка LAB-0349,Продукты,515,53,53,false,ELIGIBLE,CTR,-8.6
LAB1000-0357,Дрель LAB-0357,Авто,516,53,53,false,ELIGIBLE,CTR,-5.2
LAB1000-0363,Кофемашина LAB-0363,Дом и сад,517,53,53,false,ELIGIBLE,SEO,-4
LAB1000-0364,Крем для лица LAB-0364,Одежда,518,53,53,false,ELIGIBLE,Фото,3
LAB1000-0367,Рюкзак LAB-0367,Авто,519,53,53,false,ELIGIBLE,CTR,-7.7
LAB1000-0386,Крем для лица LAB-0386,Красота,520,53,53,false,ELIGIBLE,CTR,-5.2
LAB1000-0401,Наушники LAB-0401,Инструменты,521,53,53,false,ELIGIBLE,CTR,-8.1
LAB1000-0442,Крем для лица LAB-0442,Электроника,522,53,53,true,ELIGIBLE,CTR,-6.1
LAB1000-0479,Мяч футбольный LAB-0479,Продукты,523,53,53,false,ELIGIBLE,Категория,2.8
LAB1000-0480,Дрель LAB-0480,Сад,524,53,53,false,ELIGIBLE,CTR,-8.6
LAB1000-0495,Куртка LAB-0495,Спорт,525,53,53,false,ELIGIBLE,SEO,-4.3
LAB1000-0497,Дрель LAB-0497,Авто,526,53,53,false,ELIGIBLE,CTR,-7.7
LAB1000-0515,Садовый шланг LAB-0515,Спорт,527,53,53,false,ELIGIBLE,CTR,-6.1
LAB1000-0561,Автомагнитола LAB-0561,Инструменты,528,53,53,false,ELIGIBLE,Фото,5.3
LAB1000-0566,Кофемашина LAB-0566,Красота,529,53,53,true,ELIGIBLE,Фото,4.7
LAB1000-0567,Садовый шланг LAB-0567,Авто,530,53,53,false,ELIGIBLE,Фото,5.3
LAB1000-0592,Пылесос LAB-0592,Электроника,531,53,53,false,ELIGIBLE,Фото,4.8
LAB1000-0596,Смарт-часы LAB-0596,Красота,532,53,53,false,ELIGIBLE,CTR,-6.1
LAB1000-0600,Автомагнитола LAB-0600,Сад,533,53,53,false,ELIGIBLE,Фото,5
LAB1000-0619,Дрель LAB-0619,Продукты,534,53,53,false,ELIGIBLE,CTR,-4.3
LAB1000-0620,Садовый шланг LAB-0620,Сад,535,53,53,true,ELIGIBLE,Конверсия,-3.4
LAB1000-0627,Пылесос LAB-0627,Авто,536,53,53,false,ELIGIBLE,CTR,-8.6
LAB1000-0636,Куртка LAB-0636,Красота,537,53,53,false,ELIGIBLE,CTR,-6.8
LAB1000-0637,Рюкзак LAB-0637,Авто,538,53,53,true,ELIGIBLE,CTR,-4.3
LAB1000-0650,Куртка LAB-0650,Сад,539,53,53,false,ELIGIBLE,CTR,-8.6
LAB1000-0656,Мяч футбольный LAB-0656,Красота,540,53,53,false,ELIGIBLE,CTR,-6.1
LAB1000-0657,Пылесос LAB-0657,Авто,541,53,53,true,NOT_ELIGIBLE,Фото,-5.8
LAB1000-0672,Шуруповёрт LAB-0672,Электроника,542,53,53,false,ELIGIBLE,CTR,-7.7
LAB1000-0675,Кофемашина LAB-0675,Спорт,543,53,53,true,ELIGIBLE,Фото,3.8
LAB1000-0690,Рюкзак LAB-0690,Сад,544,53,53,false,ELIGIBLE,CTR,-7.7
LAB1000-0699,Куртка LAB-0699,Продукты,545,53,53,false,ELIGIBLE,Категория,2.8
LAB1000-0702,Оливковое масло LAB-0702,Электроника,546,53,53,false,ELIGIBLE,CTR,-3.4
LAB1000-0715,Конструктор LAB-0715,Спорт,547,53,53,false,ELIGIBLE,CTR,-4.3
LAB1000-0742,Автомагнитола LAB-0742,Электроника,548,53,53,true,ELIGIBLE,SEO,-3.3
LAB1000-0751,Рюкзак LAB-0751,Инструменты,549,53,53,false,ELIGIBLE,CTR,-6.8
LAB1000-0762,Куртка LAB-0762,Электроника,550,53,53,false,ELIGIBLE,CTR,-6.8
LAB1000-0769,Мяч футбольный LAB-0769,Продукты,551,53,53,false,ELIGIBLE,CTR,-7.7
LAB1000-0771,Конструктор LAB-0771,Инструменты,552,53,53,false,ELIGIBLE,Категория,2.8
LAB1000-0787,Дрель LAB-0787,Авто,553,53,53,false,ELIGIBLE,CTR,-5.2
LAB1000-0804,Смарт-часы LAB-0804,Одежда,554,53,53,false,ELIGIBLE,Фото,3.5
LAB1000-0810,Рюкзак LAB-0810,Сад,555,53,53,false,ELIGIBLE,CTR,-7.7
LAB1000-0816,Рюкзак LAB-0816,Красота,556,53,53,false,ELIGIBLE,CTR,-7
LAB1000-0831,Автомагнитола LAB-0831,Инструменты,557,53,53,false,ELIGIBLE,CTR,-5.2
LAB1000-0836,Крем для лица LAB-0836,Красота,558,53,53,false,ELIGIBLE,Фото,3.9
LAB1000-0837,Крем для лица LAB-0837,Авто,559,53,53,false,ELIGIBLE,CTR,-7.7
LAB1000-0855,Наушники LAB-0855,Спорт,560,53,53,true,ELIGIBLE,SEO,-4.3
LAB1000-0861,Смарт-часы LAB-0861,Инструменты,561,53,53,false,ELIGIBLE,CTR,-7.7
LAB1000-0862,Куртка LAB-0862,Электроника,562,53,53,false,ELIGIBLE,CTR,-5.9
LAB1000-0871,Садовый шланг LAB-0871,Инструменты,563,53,53,false,ELIGIBLE,CTR,-4.3
LAB1000-0877,Мяч футбольный LAB-0877,Авто,564,53,53,false,ELIGIBLE,Фото,4.4
LAB1000-0887,Пылесос LAB-0887,Авто,565,53,53,false,ELIGIBLE,Фото,4.5
LAB1000-0900,Кофемашина LAB-0900,Сад,566,53,53,false,ELIGIBLE,CTR,-8.6
LAB1000-0916,Кофемашина LAB-0916,Красота,567,53,53,false,ELIGIBLE,Описание,-3.3
LAB1000-0922,Куртка LAB-0922,Электроника,568,53,53,false,ELIGIBLE,CTR,-6.8
LAB1000-0923,Наушники LAB-0923,Дом и сад,569,53,53,false,ELIGIBLE,Фото,3.9
LAB1000-0939,Пылесос LAB-0939,Продукты,570,53,53,false,ELIGIBLE,CTR,-5.2
LAB1000-0948,Крем для лица LAB-0948,Детские товары,571,53,53,false,ELIGIBLE,CTR,-5
LAB1000-0962,Рюкзак LAB-0962,Электроника,572,53,53,false,ELIGIBLE,CTR,-5.2
LAB1000-0965,Крем для лица LAB-0965,Спорт,573,53,53,false,ELIGIBLE,CTR,-5.2
LAB1000-0976,Автомагнитола LAB-0976,Красота,574,53,53,false,ELIGIBLE,CTR,-5.2
LAB1000-0977,Пылесос LAB-0977,Авто,575,53,53,false,ELIGIBLE,CTR,-7
LAB1000-0988,Накрутка отзывов mega deal,Детские товары,576,53,53,true,ELIGIBLE,Фото,5.6
LAB1000-0028,Пылесос LAB-0028,Детские товары,577,52.5,50,false,ELIGIBLE,CTR,-8.6
LAB1000-0073,Садовый шланг LAB-0073,Дом и сад,578,52.5,50,false,ELIGIBLE,Описание,-3.8
LAB1000-0352,Дрель LAB-0352,Электроника,579,52.5,50,false,ELIGIBLE,CTR,-7
LAB1000-0433,Оливковое масло LAB-0433,Дом и сад,580,52.5,50,false,ELIGIBLE,CTR,-5.2
LAB1000-0469,Крем для лица LAB-0469,Продукты,581,52.5,50,false,ELIGIBLE,CTR,-5.2
LAB1000-0021,Смарт-часы LAB-0021,Инструменты,582,52,52,false,ELIGIBLE,CTR,-3.4
LAB1000-0034,Смарт-часы LAB-0034,Одежда,583,52,52,true,ELIGIBLE,CTR,-5.9
LAB1000-0043,Смарт-часы LAB-0043,Дом и сад,584,52,52,false,ELIGIBLE,CTR,-6.8
LAB1000-0065,Рюкзак LAB-0065,Спорт,585,52,52,false,ELIGIBLE,Фото,5.7
LAB1000-0071,Крем для лица LAB-0071,Инструменты,586,52,52,false,ELIGIBLE,CTR,-7.7
LAB1000-0097,Куртка LAB-0097,Авто,587,52,52,false,ELIGIBLE,Фото,6.2
LAB1000-0113,Конструктор LAB-0113,Дом и сад,588,52,52,false,ELIGIBLE,SEO,-3.7
LAB1000-0116,Оливковое масло LAB-0116,Красота,589,52,52,true,NOT_ELIGIBLE,SEO,-3.7
LAB1000-0139,Наушники LAB-0139,Продукты,590,52,52,true,NOT_ELIGIBLE,SEO,-4
LAB1000-0164,Дрель LAB-0164,Одежда,591,52,52,false,ELIGIBLE,CTR,-6.8
LAB1000-0176,Рюкзак LAB-0176,Красота,592,52,52,false,ELIGIBLE,CTR,-6.1
LAB1000-0182,Дрель LAB-0182,Электроника,593,52,52,false,ELIGIBLE,CTR,-6.1
LAB1000-0211,Автомагнитола LAB-0211,Инструменты,594,52,52,false,ELIGIBLE,CTR,-5.9
LAB1000-0212,Куртка LAB-0212,Электроника,595,52,52,false,ELIGIBLE,CTR,-7.7
LAB1000-0214,Конструктор LAB-0214,Одежда,596,52,52,false,ELIGIBLE,CTR,-6.8
LAB1000-0255,Кроссовки LAB-0255,Спорт,597,52,52,false,ELIGIBLE,Описание,-3.5
LAB1000-0261,Мяч футбольный LAB-0261,Инструменты,598,52,52,false,ELIGIBLE,CTR,-8.6
LAB1000-0270,Садовый шланг LAB-0270,Сад,599,52,52,false,ELIGIBLE,Фото,3.9
LAB1000-0292,Смарт-часы LAB-0292,Электроника,600,52,52,true,ELIGIBLE,CTR,-6.8
LAB1000-0295,Наушники LAB-0295,Спорт,601,52,52,false,ELIGIBLE,SEO,-4.3
LAB1000-0314,Дрель LAB-0314,Одежда,602,52,52,false,ELIGIBLE,Фото,3
LAB1000-0351,Шуруповёрт LAB-0351,Инструменты,603,52,52,false,ELIGIBLE,CTR,-7
LAB1000-0359,Шуруповёрт LAB-0359,Продукты,604,52,52,false,ELIGIBLE,CTR,-6.8
LAB1000-0383,Крем для лица LAB-0383,Дом и сад,605,52,52,false,ELIGIBLE,CTR,-4.3
LAB1000-0387,Мяч футбольный LAB-0387,Авто,606,52,52,false,ELIGIBLE,CTR,-8.6
LAB1000-0394,Куртка LAB-0394,Одежда,607,52,52,false,ELIGIBLE,CTR,-5.2
LAB1000-0404,Шуруповёрт LAB-0404,Одежда,608,52,52,false,ELIGIBLE,CTR,-6.8
LAB1000-0410,Кофемашина LAB-0410,Сад,609,52,52,false,ELIGIBLE,Описание,-3.3
LAB1000-0417,Кофемашина LAB-0417,Авто,610,52,52,false,ELIGIBLE,CTR,-7.7
LAB1000-0418,Конструктор LAB-0418,Детские товары,611,52,52,false,ELIGIBLE,CTR,-6.1
LAB1000-0440,Шуруповёрт LAB-0440,Сад,612,52,52,false,ELIGIBLE,Фото,4.1
LAB1000-0445,Мяч футбольный LAB-0445,Спорт,613,52,52,false,ELIGIBLE,SEO,-4
LAB1000-0455,Пылесос LAB-0455,Спорт,614,52,52,false,ELIGIBLE,CTR,-4.3
LAB1000-0466,Кофемашина LAB-0466,Красота,615,52,52,false,ELIGIBLE,CTR,-7.7
LAB1000-0471,Автомагнитола LAB-0471,Инструменты,616,52,52,false,ELIGIBLE,CTR,-4
LAB1000-0473,Садовый шланг LAB-0473,Дом и сад,617,52,52,false,ELIGIBLE,CTR,-5.9
LAB1000-0486,Пылесос LAB-0486,Красота,618,52,52,true,ELIGIBLE,CTR,-5.2
LAB1000-0520,Дрель LAB-0520,Сад,619,52,52,false,ELIGIBLE,Категория,2.8
LAB1000-0526,Крем для лица LAB-0526,Красота,620,52,52,false,ELIGIBLE,CTR,-8.6
LAB1000-0542,Пылесос LAB-0542,Электроника,621,52,52,false,ELIGIBLE,CTR,-7.7
LAB1000-0563,Мяч футбольный LAB-0563,Дом и сад,622,52,52,false,ELIGIBLE,CTR,-5.2
LAB1000-0572,Кофемашина LAB-0572,Электроника,623,52,52,false,ELIGIBLE,CTR,-7.7
LAB1000-0623,Шуруповёрт LAB-0623,Дом и сад,624,52,52,false,ELIGIBLE,CTR,-7.7
LAB1000-0624,Дрель LAB-0624,Одежда,625,52,52,true,NOT_ELIGIBLE,Фото,-5.7
LAB1000-0626,Наушники LAB-0626,Красота,626,52,52,false,ELIGIBLE,CTR,-8.5
LAB1000-0666,Смарт-часы LAB-0666,Красота,627,52,52,false,ELIGIBLE,CTR,-7.7
LAB1000-0728,Оливковое масло LAB-0728,Детские товары,628,52,52,false,ELIGIBLE,CTR,-6.8
LAB1000-0733,Автомагнитола LAB-0733,Дом и сад,629,52,52,false,ELIGIBLE,CTR,-7
LAB1000-0746,Кофемашина LAB-0746,Красота,630,52,52,true,ELIGIBLE,CTR,-5.2
LAB1000-0753,Пылесос LAB-0753,Дом и сад,631,52,52,false,ELIGIBLE,CTR,-7.7
LAB1000-0756,Пылесос LAB-0756,Красота,632,52,52,false,ELIGIBLE,CTR,-6.8
LAB1000-0764,Куртка LAB-0764,Одежда,633,52,52,false,ELIGIBLE,CTR,-6.1
LAB1000-0770,Конструктор LAB-0770,Сад,634,52,52,false,ELIGIBLE,CTR,-6.8
LAB1000-0772,Конструктор LAB-0772,Электроника,635,52,52,false,ELIGIBLE,CTR,-6.1
LAB1000-0774,Оливковое масло LAB-0774,Одежда,636,52,52,true,ELIGIBLE,CTR,-6.1
LAB1000-0788,Рюкзак LAB-0788,Детские товары,637,52,52,false,ELIGIBLE,CTR,-7.7
LAB1000-0805,Дрель LAB-0805,Спорт,638,52,52,false,ELIGIBLE,CTR,-8.8
LAB1000-0822,Мяч футбольный LAB-0822,Электроника,639,52,52,false,ELIGIBLE,Фото,6.2
LAB1000-0823,Мяч футбольный LAB-0823,Дом и сад,640,52,52,false,ELIGIBLE,CTR,-4.3
LAB1000-0830,Шуруповёрт LAB-0830,Сад,641,52,52,false,ELIGIBLE,CTR,-4.3
LAB1000-0849,Кофемашина LAB-0849,Продукты,642,52,52,false,ELIGIBLE,CTR,-6.8
LAB1000-0850,Садовый шланг LAB-0850,Сад,643,52,52,false,ELIGIBLE,Категория,2.8
LAB1000-0853,Оливковое масло LAB-0853,Дом и сад,644,52,52,false,ELIGIBLE,SEO,-3.7
LAB1000-0894,Дрель LAB-0894,Одежда,645,52,52,false,ELIGIBLE,CTR,-5.2
LAB1000-0924,Крем для лица LAB-0924,Одежда,646,52,52,false,ELIGIBLE,CTR,-8.6
LAB1000-0963,Куртка LAB-0963,Дом и сад,647,52,52,false,ELIGIBLE,SEO,-4
LAB1000-0712,Смарт-часы LAB-0712,Электроника,648,51.5,49,false,ELIGIBLE,CTR,-5.2
LAB1000-0035,Шуруповёрт LAB-0035,Спорт,649,51,51,false,ELIGIBLE,CTR,-6.8
LAB1000-0036,Оливковое масло LAB-0036,Красота,650,51,51,true,ELIGIBLE,CTR,-5.2
LAB1000-0080,Смарт-часы LAB-0080,Сад,651,51,51,false,ELIGIBLE,CTR,-7.7
LAB1000-0104,Кроссовки LAB-0104,Одежда,652,51,51,false,ELIGIBLE,Описание,-3.3
LAB1000-0123,Конструктор LAB-0123,Дом и сад,653,51,51,false,ELIGIBLE,SEO,-4
LAB1000-0135,Шуруповёрт LAB-0135,Спорт,654,51,51,false,ELIGIBLE,CTR,-8.6
LAB1000-0153,Смарт-часы LAB-0153,Дом и сад,655,51,51,false,ELIGIBLE,CTR,-6.1
LAB1000-0156,Кофемашина LAB-0156,Красота,656,51,51,false,ELIGIBLE,CTR,-5
LAB1000-0179,Наушники LAB-0179,Продукты,657,51,51,true,ELIGIBLE,Конверсия,-3.5
LAB1000-0198,Мяч футбольный LAB-0198,Детские товары,658,51,51,true,NOT_ELIGIBLE,Фото,-6
LAB1000-0210,Дрель LAB-0210,Сад,659,51,51,false,ELIGIBLE,CTR,-6.8
LAB1000-0240,Оливковое масло LAB-0240,Сад,660,51,51,false,ELIGIBLE,Фото,5.3
LAB1000-0251,Конструктор LAB-0251,Инструменты,661,51,51,true,ELIGIBLE,SEO,-4
LAB1000-0272,Крем для лица LAB-0272,Электроника,662,51,51,true,NOT_ELIGIBLE,Фото,-6
LAB1000-0302,Куртка LAB-0302,Электроника,663,51,51,false,ELIGIBLE,Фото,6.2
LAB1000-0322,Кроссовки LAB-0322,Электроника,664,51,51,false,ELIGIBLE,CTR,-8.1
LAB1000-0362,Садовый шланг LAB-0362,Электроника,665,51,51,false,ELIGIBLE,CTR,-7.7
LAB1000-0365,Садовый шланг LAB-0365,Спорт,666,51,51,true,ELIGIBLE,SEO,-4
LAB1000-0371,Кроссовки LAB-0371,Инструменты,667,51,51,false,ELIGIBLE,CTR,-8.6
LAB1000-0409,Кроссовки LAB-0409,Продукты,668,51,51,true,ELIGIBLE,CTR,-7.6
LAB1000-0412,Кроссовки LAB-0412,Электроника,669,51,51,true,ELIGIBLE,CTR,-6.8
LAB1000-0413,Оливковое масло LAB-0413,Дом и сад,670,51,51,true,ELIGIBLE,CTR,-5.9
LAB1000-0423,Наушники LAB-0423,Дом и сад,671,51,51,false,ELIGIBLE,Фото,3
LAB1000-0434,Мяч футбольный LAB-0434,Одежда,672,51,51,false,ELIGIBLE,CTR,-4.3
LAB1000-0462,Куртка LAB-0462,Электроника,673,51,51,false,ELIGIBLE,SEO,-4
LAB1000-0482,Смарт-часы LAB-0482,Электроника,674,51,51,false,ELIGIBLE,CTR,-4.3
LAB1000-0484,Дрель LAB-0484,Одежда,675,51,51,true,NOT_ELIGIBLE,Фото,5
LAB1000-0489,Дрель LAB-0489,Продукты,676,51,51,false,ELIGIBLE,CTR,-6.8
LAB1000-0491,Мяч футбольный LAB-0491,Инструменты,677,51,51,false,ELIGIBLE,SEO,-4
LAB1000-0496,Дрель LAB-0496,Красота,678,51,51,true,ELIGIBLE,CTR,-6.1
LAB1000-0507,Крем для лица LAB-0507,Авто,679,51,51,true,NOT_ELIGIBLE,Фото,5.7
LAB1000-0546,Смарт-часы LAB-0546,Красота,680,51,51,false,ELIGIBLE,CTR,-8.6
LAB1000-0547,Пылесос LAB-0547,Авто,681,51,51,false,ELIGIBLE,Фото,6.2
LAB1000-0558,Автомагнитола LAB-0558,Детские товары,682,51,51,false,ELIGIBLE,CTR,-5.2
LAB1000-0581,Кроссовки LAB-0581,Инструменты,683,51,51,false,ELIGIBLE,Описание,-3.8
LAB1000-0587,Наушники LAB-0587,Авто,684,51,51,false,ELIGIBLE,CTR,-7.7
LAB1000-0603,Рюкзак LAB-0603,Дом и сад,685,51,51,false,ELIGIBLE,CTR,-6.8
LAB1000-0609,Автомагнитола LAB-0609,Продукты,686,51,51,false,ELIGIBLE,CTR,-7.7
LAB1000-0621,Куртка LAB-0621,Инструменты,687,51,51,false,ELIGIBLE,CTR,-7.7
LAB1000-0628,Наушники LAB-0628,Детские товары,688,51,51,false,ELIGIBLE,CTR,-6.8
LAB1000-0647,Крем для лица LAB-0647,Авто,689,51,51,false,ELIGIBLE,CTR,-6.8
LAB1000-0660,Мяч футбольный LAB-0660,Сад,690,51,51,false,ELIGIBLE,CTR,-8.6
LAB1000-0671,Кроссовки LAB-0671,Инструменты,691,51,51,false,ELIGIBLE,CTR,-7.6
LAB1000-0704,Смарт-часы LAB-0704,Одежда,692,51,51,false,ELIGIBLE,CTR,-6.1
LAB1000-0705,Смарт-часы LAB-0705,Спорт,693,51,51,false,ELIGIBLE,CTR,-5.2
LAB1000-0707,Смарт-часы LAB-0707,Авто,694,51,51,false,ELIGIBLE,CTR,-8.6
LAB1000-0747,Пылесос LAB-0747,Авто,695,51,51,true,ELIGIBLE,CTR,-5.2
LAB1000-0750,Кофемашина LAB-0750,Сад,696,51,51,false,ELIGIBLE,CTR,-6.1
LAB1000-0799,Мяч футбольный LAB-0799,Продукты,697,51,51,false,ELIGIBLE,Категория,2.8
LAB1000-0809,Шуруповёрт LAB-0809,Продукты,698,51,51,false,ELIGIBLE,CTR,-6.8
LAB1000-0829,Наушники LAB-0829,Продукты,699,51,51,true,NOT_ELIGIBLE,CTR,-7.7
LAB1000-0841,Дрель LAB-0841,Инструменты,700,51,51,false,ELIGIBLE,CTR,-5.2
LAB1000-0867,Куртка LAB-0867,Авто,701,51,51,false,ELIGIBLE,CTR,-7.7
LAB1000-0879,Пылесос LAB-0879,Продукты,702,51,51,false,ELIGIBLE,CTR,-7
LAB1000-0890,Крем для лица LAB-0890,Сад,703,51,51,false,ELIGIBLE,Описание,-3.8
LAB1000-0891,Рюкзак LAB-0891,Инструменты,704,51,51,false,ELIGIBLE,CTR,-6.8
LAB1000-0903,Куртка LAB-0903,Дом и сад,705,51,51,true,ELIGIBLE,CTR,-7.7
LAB1000-0926,Куртка LAB-0926,Красота,706,51,51,false,ELIGIBLE,CTR,-4.3
LAB1000-0927,Автомагнитола LAB-0927,Авто,707,51,51,false,ELIGIBLE,CTR,-7.7
LAB1000-0952,Конструктор LAB-0952,Электроника,708,51,51,false,ELIGIBLE,Категория,2.8
LAB1000-0958,Крем для лица LAB-0958,Детские товары,709,51,51,false,ELIGIBLE,CTR,-5.2
LAB1000-0968,Смарт-часы LAB-0968,Детские товары,710,51,51,true,ELIGIBLE,CTR,-6.1
LAB1000-0970,Крем для лица LAB-0970,Сад,711,51,51,false,ELIGIBLE,CTR,-8.6
LAB1000-0972,Кофемашина LAB-0972,Электроника,712,51,51,true,ELIGIBLE,CTR,-8.6
LAB1000-0980,Наушники LAB-0980,Сад,713,51,51,false,ELIGIBLE,CTR,-7
LAB1000-0064,Смарт-часы LAB-0064,Одежда,714,50.4,48,false,ELIGIBLE,CTR,-5.2
LAB1000-0451,Куртка LAB-0451,Инструменты,715,50.4,48,false,ELIGIBLE,CTR,-8.6
LAB1000-0919,Шуруповёрт LAB-0919,Продукты,716,50.4,48,false,ELIGIBLE,CTR,-5.2
LAB1000-0001,Наушники LAB-0001,Инструменты,717,50,50,true,NOT_ELIGIBLE,Фото,5.3
LAB1000-0004,Автомагнитола LAB-0004,Одежда,718,50,50,false,ELIGIBLE,CTR,-8.6
LAB1000-0009,Кроссовки LAB-0009,Продукты,719,50,50,false,ELIGIBLE,CTR,-8.6
LAB1000-0014,Мяч футбольный LAB-0014,Одежда,720,50,50,false,ELIGIBLE,CTR,-6.8
LAB1000-0024,Дрель LAB-0024,Одежда,721,50,50,true,NOT_ELIGIBLE,Фото,4.4
LAB1000-0070,Крем для лица LAB-0070,Сад,722,50,50,true,NOT_ELIGIBLE,Отзывы,3.4
LAB1000-0079,Крем для лица LAB-0079,Продукты,723,50,50,false,ELIGIBLE,CTR,-8.6
LAB1000-0105,Дрель LAB-0105,Спорт,724,50,50,false,ELIGIBLE,CTR,-6.8
LAB1000-0106,Кофемашина LAB-0106,Красота,725,50,50,true,ELIGIBLE,CTR,-8.6
LAB1000-0110,Шуруповёрт LAB-0110,Сад,726,50,50,false,ELIGIBLE,CTR,-4.5
LAB1000-0112,Рюкзак LAB-0112,Электроника,727,50,50,false,ELIGIBLE,CTR,-7.6
LAB1000-0119,Смарт-часы LAB-0119,Продукты,728,50,50,false,ELIGIBLE,Конверсия,-3.1
LAB1000-0120,Оливковое масло LAB-0120,Сад,729,50,50,false,ELIGIBLE,CTR,-6.8
LAB1000-0137,Крем для лица LAB-0137,Авто,730,50,50,true,ELIGIBLE,CTR,-5.9
LAB1000-0138,Рюкзак LAB-0138,Детские товары,731,50,50,false,ELIGIBLE,Описание,-2.8
LAB1000-0186,Куртка LAB-0186,Красота,732,50,50,false,ELIGIBLE,CTR,-8.6
LAB1000-0209,Дрель LAB-0209,Продукты,733,50,50,false,ELIGIBLE,CTR,-6.8
LAB1000-0230,Крем для лица LAB-0230,Сад,734,50,50,false,ELIGIBLE,Фото,5.3
LAB1000-0241,Пылесос LAB-0241,Инструменты,735,50,50,true,NOT_ELIGIBLE,Фото,-5.4
LAB1000-0308,Крем для лица LAB-0308,Детские товары,736,50,50,true,ELIGIBLE,CTR,-5.2
LAB1000-0329,Оливковое масло LAB-0329,Продукты,737,50,50,true,ELIGIBLE,CTR,-4.3
LAB1000-0340,Крем для лица LAB-0340,Сад,738,50,50,true,NOT_ELIGIBLE,Фото,-5.4
LAB1000-0353,Рюкзак LAB-0353,Дом и сад,739,50,50,false,ELIGIBLE,CTR,-8.6
LAB1000-0392,Кроссовки LAB-0392,Электроника,740,50,50,true,NOT_ELIGIBLE,CTR,-4.3
LAB1000-0427,Пылесос LAB-0427,Авто,741,50,50,false,ELIGIBLE,CTR,-8.6
LAB1000-0429,Садовый шланг LAB-0429,Продукты,742,50,50,false,ELIGIBLE,CTR,-8.6
LAB1000-0448,Кроссовки LAB-0448,Детские товары,743,50,50,false,ELIGIBLE,SEO,-4
LAB1000-0464,Смарт-часы LAB-0464,Одежда,744,50,50,true,NOT_ELIGIBLE,CTR,-5.2
LAB1000-0474,Рюкзак LAB-0474,Одежда,745,50,50,false,ELIGIBLE,CTR,-6.1
LAB1000-0475,Садовый шланг LAB-0475,Спорт,746,50,50,false,ELIGIBLE,CTR,-6.1
LAB1000-0498,Кроссовки LAB-0498,Детские товары,747,50,50,false,ELIGIBLE,CTR,-7
LAB1000-0580,Конструктор LAB-0580,Сад,748,50,50,false,ELIGIBLE,CTR,-8.6
LAB1000-0634,Оливковое масло LAB-0634,Одежда,749,50,50,false,ELIGIBLE,Категория,2.8
LAB1000-0713,Смарт-часы LAB-0713,Дом и сад,750,50,50,false,ELIGIBLE,CTR,-8.6
LAB1000-0718,Автомагнитола LAB-0718,Детские товары,751,50,50,false,ELIGIBLE,CTR,-8.6
LAB1000-0773,Крем для лица LAB-0773,Дом и сад,752,50,50,true,ELIGIBLE,CTR,-8.6
LAB1000-0781,Дрель LAB-0781,Инструменты,753,50,50,false,ELIGIBLE,CTR,-6.8
LAB1000-0782,Мяч футбольный LAB-0782,Электроника,754,50,50,false,ELIGIBLE,CTR,-3.6
LAB1000-0832,Автомагнитола LAB-0832,Электроника,755,50,50,true,ELIGIBLE,CTR,-7.6
LAB1000-0839,Конструктор LAB-0839,Продукты,756,50,50,false,ELIGIBLE,CTR,-7.7
LAB1000-0857,Пылесос LAB-0857,Авто,757,50,50,false,ELIGIBLE,CTR,-6.1
LAB1000-0866,Кофемашина LAB-0866,Красота,758,50,50,false,ELIGIBLE,CTR,-8.6
LAB1000-0882,Конструктор LAB-0882,Электроника,759,50,50,true,NOT_ELIGIBLE,Фото,-5.1
LAB1000-0885,Наушники LAB-0885,Спорт,760,50,50,false,ELIGIBLE,CTR,-5.2
LAB1000-0902,Автомагнитола LAB-0902,Электроника,761,50,50,false,ELIGIBLE,CTR,-6.8
LAB1000-0913,Оливковое масло LAB-0913,Дом и сад,762,50,50,false,ELIGIBLE,CTR,-7.7
LAB1000-0941,Кофемашина LAB-0941,Инструменты,763,50,50,false,ELIGIBLE,CTR,-5
LAB1000-0947,Шуруповёрт LAB-0947,Авто,764,50,50,false,ELIGIBLE,CTR,-7.7
LAB1000-0949,Оливковое масло LAB-0949,Продукты,765,50,50,true,NOT_ELIGIBLE,Фото,-5.7
LAB1000-0960,Дрель LAB-0960,Сад,766,50,50,false,ELIGIBLE,CTR,-6.1
LAB1000-0979,Пылесос LAB-0979,Продукты,767,50,50,false,ELIGIBLE,CTR,-7.7
LAB1000-0987,Пылесос LAB-0987,Авто,768,50,50,true,ELIGIBLE,Фото,-3.9
LAB1000-0172,Конструктор LAB-0172,Электроника,769,49.4,47,false,ELIGIBLE,CTR,-4.3
LAB1000-0487,Пылесос LAB-0487,Авто,770,49.4,47,false,ELIGIBLE,CTR,-7.7
LAB1000-0048,Смарт-часы LAB-0048,Детские товары,771,49,49,false,ELIGIBLE,CTR,-6.8
LAB1000-0051,Оливковое масло LAB-0051,Инструменты,772,49,49,false,ELIGIBLE,CTR,-8.6
LAB1000-0085,Садовый шланг LAB-0085,Спорт,773,49,49,false,ELIGIBLE,CTR,-6.8
LAB1000-0086,Рюкзак LAB-0086,Красота,774,49,49,false,ELIGIBLE,CTR,-7
LAB1000-0093,Автомагнитола LAB-0093,Дом и сад,775,49,49,true,NOT_ELIGIBLE,Фото,-5.2
LAB1000-0161,Кофемашина LAB-0161,Инструменты,776,49,49,false,ELIGIBLE,CTR,-5.2
LAB1000-0187,Кофемашина LAB-0187,Авто,777,49,49,true,ELIGIBLE,CTR,-7.7
LAB1000-0216,Рюкзак LAB-0216,Красота,778,49,49,false,ELIGIBLE,CTR,-7.7
LAB1000-0238,Автомагнитола LAB-0238,Детские товары,779,49,49,false,ELIGIBLE,CTR,-8.6
LAB1000-0257,Садовый шланг LAB-0257,Авто,780,49,49,true,ELIGIBLE,Категория,2.8
LAB1000-0288,Автомагнитола LAB-0288,Детские товары,781,49,49,false,ELIGIBLE,CTR,-7.7
LAB1000-0294,Шуруповёрт LAB-0294,Одежда,782,49,49,false,ELIGIBLE,CTR,-6.8
LAB1000-0331,Мяч футбольный LAB-0331,Инструменты,783,49,49,false,ELIGIBLE,CTR,-7.9
LAB1000-0345,Кроссовки LAB-0345,Спорт,784,49,49,false,ELIGIBLE,CTR,-5.2
LAB1000-0373,Шуруповёрт LAB-0373,Дом и сад,785,49,49,false,ELIGIBLE,CTR,-7.7
LAB1000-0378,Рюкзак LAB-0378,Детские товары,786,49,49,false,ELIGIBLE,CTR,-8.1
LAB1000-0437,Куртка LAB-0437,Авто,787,49,49,false,ELIGIBLE,CTR,-6.8
LAB1000-0508,Пылесос LAB-0508,Детские товары,788,49,49,false,ELIGIBLE,CTR,-7.7
LAB1000-0528,Рюкзак LAB-0528,Детские товары,789,49,49,false,ELIGIBLE,CTR,-7
LAB1000-0529,Конструктор LAB-0529,Продукты,790,49,49,false,ELIGIBLE,CTR,-6.1
LAB1000-0553,Оливковое масло LAB-0553,Дом и сад,791,49,49,true,NOT_ELIGIBLE,CTR,-4.3
LAB1000-0576,Кроссовки LAB-0576,Красота,792,49,49,true,NOT_ELIGIBLE,CTR,-3.4
LAB1000-0578,Крем для лица LAB-0578,Детские товары,793,49,49,false,ELIGIBLE,CTR,-8.6
LAB1000-0584,Рюкзак LAB-0584,Одежда,794,49,49,false,ELIGIBLE,CTR,-6.8
LAB1000-0597,Конструктор LAB-0597,Авто,795,49,49,false,ELIGIBLE,CTR,-3.4
LAB1000-0640,Конструктор LAB-0640,Сад,796,49,49,true,NOT_ELIGIBLE,Фото,-5.4
LAB1000-0646,Оливковое масло LAB-0646,Красота,797,49,49,false,ELIGIBLE,CTR,-8.6
LAB1000-0689,Кроссовки LAB-0689,Продукты,798,49,49,true,NOT_ELIGIBLE,Фото,-6
LAB1000-0709,Оливковое масло LAB-0709,Продукты,799,49,49,false,ELIGIBLE,CTR,-6.8
LAB1000-0720,Садовый шланг LAB-0720,Сад,800,49,49,true,NOT_ELIGIBLE,Фото,-6
LAB1000-0736,Мяч футбольный LAB-0736,Красота,801,49,49,false,ELIGIBLE,CTR,-6.8
LAB1000-0743,Автомагнитола LAB-0743,Дом и сад,802,49,49,false,ELIGIBLE,CTR,-8.3
LAB1000-0761,Дрель LAB-0761,Инструменты,803,49,49,false,ELIGIBLE,CTR,-5.2
LAB1000-0795,Дрель LAB-0795,Спорт,804,49,49,false,ELIGIBLE,CTR,-7.7
LAB1000-0845,Конструктор LAB-0845,Спорт,805,49,49,true,NOT_ELIGIBLE,CTR,-6.1
LAB1000-0863,Оливковое масло LAB-0863,Дом и сад,806,49,49,true,ELIGIBLE,CTR,-3.4
LAB1000-0870,Кроссовки LAB-0870,Сад,807,49,49,false,ELIGIBLE,CTR,-7.7
LAB1000-0889,Автомагнитола LAB-0889,Продукты,808,49,49,false,ELIGIBLE,CTR,-6.8
LAB1000-0895,Куртка LAB-0895,Спорт,809,49,49,false,ELIGIBLE,CTR,-6.8
LAB1000-0898,Автомагнитола LAB-0898,Детские товары,810,49,49,true,NOT_ELIGIBLE,Фото,5.6
LAB1000-0921,Наушники LAB-0921,Инструменты,811,49,49,true,NOT_ELIGIBLE,Фото,6.2
LAB1000-0925,Пылесос LAB-0925,Спорт,812,49,49,true,NOT_ELIGIBLE,Фото,-5.8
LAB1000-0985,Кофемашина LAB-0985,Спорт,813,49,49,true,ELIGIBLE,Фото,-3.9
LAB1000-0136,Кофемашина LAB-0136,Красота,814,48.3,46,false,ELIGIBLE,CTR,-7
LAB1000-0298,Дрель LAB-0298,Детские товары,815,48.3,46,false,ELIGIBLE,CTR,-8.6
LAB1000-0874,Пылесос LAB-0874,Одежда,816,48.3,46,false,ELIGIBLE,CTR,-8.6
LAB1000-0011,Крем для лица LAB-0011,Инструменты,817,48,48,true,ELIGIBLE,CTR,-6.1
LAB1000-0026,Оливковое масло LAB-0026,Красота,818,48,48,true,ELIGIBLE,CTR,-8.3
LAB1000-0078,Куртка LAB-0078,Детские товары,819,48,48,false,ELIGIBLE,CTR,-7.7
LAB1000-0130,Крем для лица LAB-0130,Сад,820,48,48,false,ELIGIBLE,CTR,-6.8
LAB1000-0148,Конструктор LAB-0148,Детские товары,821,48,48,true,NOT_ELIGIBLE,Фото,-5.8
LAB1000-0188,Кроссовки LAB-0188,Детские товары,822,48,48,false,ELIGIBLE,CTR,-8.6
LAB1000-0191,Конструктор LAB-0191,Инструменты,823,48,48,false,ELIGIBLE,CTR,-8.6
LAB1000-0242,Садовый шланг LAB-0242,Электроника,824,48,48,false,ELIGIBLE,CTR,-5.2
LAB1000-0252,Рюкзак LAB-0252,Электроника,825,48,48,true,NOT_ELIGIBLE,Фото,-5.7
LAB1000-0277,Мяч футбольный LAB-0277,Авто,826,48,48,true,NOT_ELIGIBLE,CTR,-5.2
LAB1000-0305,Кроссовки LAB-0305,Спорт,827,48,48,false,ELIGIBLE,CTR,-7.7
LAB1000-0313,Мяч футбольный LAB-0313,Дом и сад,828,48,48,false,ELIGIBLE,CTR,-3.4
LAB1000-0330,Мяч футбольный LAB-0330,Сад,829,48,48,false,ELIGIBLE,CTR,-8.6
LAB1000-0334,Автомагнитола LAB-0334,Одежда,830,48,48,true,NOT_ELIGIBLE,CTR,-5.9
LAB1000-0348,Кроссовки LAB-0348,Детские товары,831,48,48,false,ELIGIBLE,CTR,-9
LAB1000-0358,Крем для лица LAB-0358,Детские товары,832,48,48,false,ELIGIBLE,CTR,-6.8
LAB1000-0368,Пылесос LAB-0368,Детские товары,833,48,48,true,NOT_ELIGIBLE,Фото,-4.9
LAB1000-0372,Дрель LAB-0372,Электроника,834,48,48,true,NOT_ELIGIBLE,Фото,-5.7
LAB1000-0382,Шуруповёрт LAB-0382,Электроника,835,48,48,false,ELIGIBLE,CTR,-6.1
LAB1000-0391,Шуруповёрт LAB-0391,Инструменты,836,48,48,true,ELIGIBLE,CTR,-6.1
LAB1000-0415,Дрель LAB-0415,Спорт,837,48,48,true,NOT_ELIGIBLE,CTR,-7.7
LAB1000-0428,Рюкзак LAB-0428,Детские товары,838,48,48,false,ELIGIBLE,CTR,-5.2
LAB1000-0436,Кофемашина LAB-0436,Красота,839,48,48,false,ELIGIBLE,CTR,-9
LAB1000-0488,Наушники LAB-0488,Детские товары,840,48,48,false,ELIGIBLE,CTR,-5
LAB1000-0518,Конструктор LAB-0518,Детские товары,841,48,48,false,ELIGIBLE,SEO,-3.7
LAB1000-0551,Крем для лица LAB-0551,Инструменты,842,48,48,false,ELIGIBLE,CTR,-8.6
LAB1000-0575,Мяч футбольный LAB-0575,Спорт,843,48,48,true,ELIGIBLE,CTR,-6.8
LAB1000-0599,Дрель LAB-0599,Продукты,844,48,48,true,NOT_ELIGIBLE,CTR,-5.9
LAB1000-0611,Мяч футбольный LAB-0611,Инструменты,845,48,48,false,ELIGIBLE,CTR,-5.2
LAB1000-0632,Мяч футбольный LAB-0632,Электроника,846,48,48,true,ELIGIBLE,SEO,-4.3
LAB1000-0639,Крем для лица LAB-0639,Продукты,847,48,48,false,ELIGIBLE,CTR,-7.7
LAB1000-0643,Шуруповёрт LAB-0643,Дом и сад,848,48,48,false,ELIGIBLE,CTR,-8.6
LAB1000-0659,Оливковое масло LAB-0659,Продукты,849,48,48,false,ELIGIBLE,CTR,-7.6
LAB1000-0687,Мяч футбольный LAB-0687,Авто,850,48,48,true,ELIGIBLE,CTR,-8.6
LAB1000-0688,Шуруповёрт LAB-0688,Детские товары,851,48,48,false,ELIGIBLE,CTR,-7.7
LAB1000-0700,Рюкзак LAB-0700,Сад,852,48,48,false,ELIGIBLE,SEO,-4.3
LAB1000-0745,Оливковое масло LAB-0745,Спорт,853,48,48,false,ELIGIBLE,CTR,-5.2
LAB1000-0754,Садовый шланг LAB-0754,Одежда,854,48,48,false,ELIGIBLE,CTR,-7.7
LAB1000-0758,Куртка LAB-0758,Детские товары,855,48,48,true,ELIGIBLE,SEO,-3.7
LAB1000-0759,Смарт-часы LAB-0759,Продукты,856,48,48,true,NOT_ELIGIBLE,Фото,-4.9
LAB1000-0760,Кофемашина LAB-0760,Сад,857,48,48,true,NOT_ELIGIBLE,CTR,-5.9
LAB1000-0768,Наушники LAB-0768,Детские товары,858,48,48,false,ELIGIBLE,CTR,-5.2
LAB1000-0796,Оливковое масло LAB-0796,Красота,859,48,48,true,NOT_ELIGIBLE,Фото,-5.4
LAB1000-0864,Оливковое масло LAB-0864,Одежда,860,48,48,false,ELIGIBLE,CTR,-6.8
LAB1000-0876,Садовый шланг LAB-0876,Красота,861,48,48,false,ELIGIBLE,CTR,-8.6
LAB1000-0937,Дрель LAB-0937,Авто,862,48,48,true,ELIGIBLE,Фото,4.7
LAB1000-0957,Мяч футбольный LAB-0957,Авто,863,48,48,false,ELIGIBLE,CTR,-5.2
LAB1000-0271,Кофемашина LAB-0271,Инструменты,864,47.3,45,false,ELIGIBLE,CTR,-8.6
LAB1000-0019,Куртка LAB-0019,Продукты,865,47,47,true,ELIGIBLE,CTR,-8.6
LAB1000-0031,Смарт-часы LAB-0031,Инструменты,866,47,47,false,ELIGIBLE,SEO,-4
LAB1000-0056,Пылесос LAB-0056,Красота,867,47,47,true,ELIGIBLE,CTR,-8.6
LAB1000-0057,Кроссовки LAB-0057,Авто,868,47,47,false,ELIGIBLE,CTR,-7.7
LAB1000-0247,Пылесос LAB-0247,Авто,869,47,47,false,ELIGIBLE,CTR,-6.1
LAB1000-0360,Крем для лица LAB-0360,Сад,870,47,47,true,NOT_ELIGIBLE,CTR,-7.7
LAB1000-0369,Мяч футбольный LAB-0369,Продукты,871,47,47,true,NOT_ELIGIBLE,CTR,-9
LAB1000-0400,Крем для лица LAB-0400,Сад,872,47,47,false,ELIGIBLE,CTR,-8.6
LAB1000-0414,Садовый шланг LAB-0414,Одежда,873,47,47,true,NOT_ELIGIBLE,CTR,-5.9
LAB1000-0452,Пылесос LAB-0452,Электроника,874,47,47,true,NOT_ELIGIBLE,Фото,-4.9
LAB1000-0458,Шуруповёрт LAB-0458,Детские товары,875,47,47,false,ELIGIBLE,CTR,-7.7
LAB1000-0467,Конструктор LAB-0467,Авто,876,47,47,true,NOT_ELIGIBLE,Фото,-5.4
LAB1000-0468,Садовый шланг LAB-0468,Детские товары,877,47,47,true,NOT_ELIGIBLE,Фото,-6
LAB1000-0490,Кроссовки LAB-0490,Сад,878,47,47,true,ELIGIBLE,CTR,-6.8
LAB1000-0531,Крем для лица LAB-0531,Инструменты,879,47,47,true,NOT_ELIGIBLE,Фото,-5.2
LAB1000-0537,Крем для лица LAB-0537,Авто,880,47,47,true,NOT_ELIGIBLE,Фото,-5.5
LAB1000-0540,Смарт-часы LAB-0540,Сад,881,47,47,false,ELIGIBLE,CTR,-7
LAB1000-0602,Крем для лица LAB-0602,Электроника,882,47,47,true,NOT_ELIGIBLE,Фото,-5.2
LAB1000-0641,Наушники LAB-0641,Инструменты,883,47,47,true,NOT_ELIGIBLE,Фото,-5.2
LAB1000-0669,Автомагнитола LAB-0669,Продукты,884,47,47,true,ELIGIBLE,CTR,-8.5
LAB1000-0677,Шуруповёрт LAB-0677,Авто,885,47,47,false,ELIGIBLE,CTR,-7
LAB1000-0711,Дрель LAB-0711,Инструменты,886,47,47,true,NOT_ELIGIBLE,Фото,-5.7
LAB1000-0812,Пылесос LAB-0812,Электроника,887,47,47,true,NOT_ELIGIBLE,Фото,-5.8
LAB1000-0815,Садовый шланг LAB-0815,Спорт,888,47,47,false,ELIGIBLE,CTR,-8.6
LAB1000-0869,Автомагнитола LAB-0869,Продукты,889,47,47,true,ELIGIBLE,CTR,-7.7
LAB1000-0932,Куртка LAB-0932,Электроника,890,47,47,true,NOT_ELIGIBLE,Фото,-5.1
LAB1000-0974,Крем для лица LAB-0974,Одежда,891,47,47,false,ELIGIBLE,Описание,-3.8
LAB1000-0044,Наушники LAB-0044,Одежда,892,46,46,true,NOT_ELIGIBLE,Фото,-5.2
LAB1000-0111,Шуруповёрт LAB-0111,Инструменты,893,46,46,false,ELIGIBLE,CTR,-8.6
LAB1000-0275,Садовый шланг LAB-0275,Спорт,894,46,46,true,NOT_ELIGIBLE,Фото,-5.4
LAB1000-0278,Кофемашина LAB-0278,Детские товары,895,46,46,true,NOT_ELIGIBLE,CTR,-6.1
LAB1000-0393,Наушники LAB-0393,Дом и сад,896,46,46,true,NOT_ELIGIBLE,Фото,-4.9
LAB1000-0513,Наушники LAB-0513,Дом и сад,897,46,46,false,ELIGIBLE,CTR,-7.7
LAB1000-0517,Шуруповёрт LAB-0517,Авто,898,46,46,false,ELIGIBLE,CTR,-7.7
LAB1000-0525,Смарт-часы LAB-0525,Спорт,899,46,46,true,NOT_ELIGIBLE,Фото,-6
LAB1000-0543,Кроссовки LAB-0543,Дом и сад,900,46,46,false,ELIGIBLE,CTR,-8.6
LAB1000-0544,Крем для лица LAB-0544,Одежда,901,46,46,true,ELIGIBLE,CTR,-5.2
LAB1000-0562,Оливковое масло LAB-0562,Электроника,902,46,46,false,ELIGIBLE,CTR,-8.6
LAB1000-0565,Крем для лица LAB-0565,Спорт,903,46,46,false,ELIGIBLE,CTR,-7.7
LAB1000-0598,Садовый шланг LAB-0598,Детские товары,904,46,46,false,ELIGIBLE,CTR,-6.1
LAB1000-0608,Наушники LAB-0608,Детские товары,905,46,46,false,ELIGIBLE,CTR,-8.6
LAB1000-0610,Куртка LAB-0610,Сад,906,46,46,false,ELIGIBLE,CTR,-8.6
LAB1000-0691,Куртка LAB-0691,Инструменты,907,46,46,true,NOT_ELIGIBLE,CTR,-6.8
LAB1000-0693,Автомагнитола LAB-0693,Дом и сад,908,46,46,false,ELIGIBLE,CTR,-8.6
LAB1000-0710,Крем для лица LAB-0710,Сад,909,46,46,false,ELIGIBLE,CTR,-7.7
LAB1000-0719,Конструктор LAB-0719,Продукты,910,46,46,false,ELIGIBLE,CTR,-8.6
LAB1000-0783,Автомагнитола LAB-0783,Дом и сад,911,46,46,true,NOT_ELIGIBLE,Фото,-5.1
LAB1000-0842,Садовый шланг LAB-0842,Электроника,912,46,46,true,NOT_ELIGIBLE,CTR,-6.1
LAB1000-0989,Кроссовки LAB-0989,Продукты,913,46,46,true,ELIGIBLE,CTR,-5.9
LAB1000-0997,Смарт-часы LAB-0997,Авто,914,46,46,true,ELIGIBLE,Фото,-3.9
LAB1000-0998,Смарт-часы LAB-0998,Детские товары,915,46,46,true,NOT_ELIGIBLE,SEO,-3.7
LAB1000-0047,Куртка LAB-0047,Авто,916,45,45,true,NOT_ELIGIBLE,SEO,-4.3
LAB1000-0077,Автомагнитола LAB-0077,Авто,917,45,45,false,ELIGIBLE,CTR,-8.6
LAB1000-0132,Куртка LAB-0132,Электроника,918,45,45,true,NOT_ELIGIBLE,Фото,-5.8
LAB1000-0225,Смарт-часы LAB-0225,Спорт,919,45,45,true,ELIGIBLE,CTR,-8.5
LAB1000-0266,Шуруповёрт LAB-0266,Красота,920,45,45,true,NOT_ELIGIBLE,Фото,-5.5
LAB1000-0300,Куртка LAB-0300,Сад,921,45,45,true,NOT_ELIGIBLE,CTR,-6.1
LAB1000-0408,Пылесос LAB-0408,Детские товары,922,45,45,true,NOT_ELIGIBLE,CTR,-8.6
LAB1000-0438,Конструктор LAB-0438,Детские товары,923,45,45,true,NOT_ELIGIBLE,Фото,-5.4
LAB1000-0461,Оливковое масло LAB-0461,Инструменты,924,45,45,true,NOT_ELIGIBLE,CTR,-6.1
LAB1000-0485,Шуруповёрт LAB-0485,Спорт,925,45,45,true,NOT_ELIGIBLE,Фото,-5.4
LAB1000-0505,Кроссовки LAB-0505,Спорт,926,45,45,true,NOT_ELIGIBLE,CTR,-7.7
LAB1000-0557,Пылесос LAB-0557,Авто,927,45,45,false,ELIGIBLE,CTR,-7.7
LAB1000-0594,Шуруповёрт LAB-0594,Одежда,928,45,45,true,NOT_ELIGIBLE,Фото,-5.5
LAB1000-0674,Крем для лица LAB-0674,Одежда,929,45,45,true,NOT_ELIGIBLE,CTR,-6.8
LAB1000-0730,Куртка LAB-0730,Сад,930,45,45,true,NOT_ELIGIBLE,CTR,-7.7
LAB1000-0737,Смарт-часы LAB-0737,Авто,931,45,45,true,NOT_ELIGIBLE,CTR,-8.6
LAB1000-0755,Кофемашина LAB-0755,Спорт,932,45,45,false,ELIGIBLE,CTR,-7.7
LAB1000-0792,Дрель LAB-0792,Электроника,933,45,45,true,NOT_ELIGIBLE,Фото,-5.7
LAB1000-0803,Смарт-часы LAB-0803,Дом и сад,934,45,45,true,NOT_ELIGIBLE,Фото,-5.4
LAB1000-0827,Садовый шланг LAB-0827,Авто,935,45,45,false,ELIGIBLE,CTR,-8.6
LAB1000-0883,Садовый шланг LAB-0883,Дом и сад,936,45,45,true,NOT_ELIGIBLE,Фото,-5.2
LAB1000-0917,Автомагнитола LAB-0917,Авто,937,45,45,true,NOT_ELIGIBLE,CTR,-8.6
LAB1000-0934,Кофемашина LAB-0934,Одежда,938,45,45,false,ELIGIBLE,CTR,-8.6
LAB1000-0959,Наушники LAB-0959,Продукты,939,45,45,false,ELIGIBLE,CTR,-7.7
LAB1000-0062,Садовый шланг LAB-0062,Электроника,940,44,44,true,NOT_ELIGIBLE,Фото,-5.7
LAB1000-0185,Кофемашина LAB-0185,Спорт,941,44,44,true,NOT_ELIGIBLE,CTR,-7.7
LAB1000-0287,Крем для лица LAB-0287,Авто,942,44,44,true,NOT_ELIGIBLE,Фото,-5.7
LAB1000-0311,Мяч футбольный LAB-0311,Инструменты,943,44,44,true,NOT_ELIGIBLE,CTR,-7.7
LAB1000-0361,Крем для лица LAB-0361,Инструменты,944,44,44,true,NOT_ELIGIBLE,CTR,-6.1
LAB1000-0384,Садовый шланг LAB-0384,Одежда,945,44,44,true,NOT_ELIGIBLE,Фото,-5.8
LAB1000-0385,Кроссовки LAB-0385,Спорт,946,44,44,true,NOT_ELIGIBLE,CTR,-6.1
LAB1000-0399,Шуруповёрт LAB-0399,Продукты,947,44,44,true,NOT_ELIGIBLE,CTR,-7.7
LAB1000-0422,Конструктор LAB-0422,Электроника,948,44,44,true,ELIGIBLE,CTR,-8.6
LAB1000-0439,Дрель LAB-0439,Продукты,949,44,44,true,ELIGIBLE,CTR,-8.6
LAB1000-0472,Автомагнитола LAB-0472,Электроника,950,44,44,true,NOT_ELIGIBLE,Фото,-5.8
LAB1000-0510,Пылесос LAB-0510,Сад,951,44,44,true,ELIGIBLE,CTR,-6.1
LAB1000-0734,Автомагнитола LAB-0734,Одежда,952,44,44,true,NOT_ELIGIBLE,CTR,-6.1
LAB1000-0779,Шуруповёрт LAB-0779,Продукты,953,44,44,true,NOT_ELIGIBLE,CTR,-6.1
LAB1000-0888,Смарт-часы LAB-0888,Детские товары,954,44,44,true,ELIGIBLE,CTR,-6.8
LAB1000-0975,Смарт-часы LAB-0975,Спорт,955,44,44,true,NOT_ELIGIBLE,Фото,-5.2
LAB1000-0983,Крем для лица LAB-0983,Дом и сад,956,44,44,true,NOT_ELIGIBLE,CTR,-6.1
LAB1000-0986,x,Красота,957,44,44,true,NOT_ELIGIBLE,Фото,-6
LAB1000-0992,Шуруповёрт LAB-0992,Электроника,958,44,44,true,NOT_ELIGIBLE,CTR,-7
LAB1000-0996,!!!,Красота,959,44,44,true,NOT_ELIGIBLE,Фото,-5.1
LAB1000-0094,Наушники LAB-0094,Одежда,960,43,43,true,NOT_ELIGIBLE,CTR,-7.7
LAB1000-0586,Крем для лица LAB-0586,Красота,961,43,43,true,NOT_ELIGIBLE,Фото,-5.4
LAB1000-0749,Рюкзак LAB-0749,Продукты,962,43,43,true,NOT_ELIGIBLE,CTR,-7.9
LAB1000-0875,Крем для лица LAB-0875,Спорт,963,43,43,true,NOT_ELIGIBLE,CTR,-7.7
LAB1000-0213,Мяч футбольный LAB-0213,Дом и сад,964,42,42,true,NOT_ELIGIBLE,CTR,-6.1
LAB1000-0323,Куртка LAB-0323,Дом и сад,965,42,42,true,NOT_ELIGIBLE,Фото,-6
LAB1000-0509,Мяч футбольный LAB-0509,Продукты,966,42,42,true,NOT_ELIGIBLE,CTR,-6.1
LAB1000-0622,Пылесос LAB-0622,Электроника,967,42,42,true,NOT_ELIGIBLE,CTR,-8.6
LAB1000-0652,Автомагнитола LAB-0652,Электроника,968,42,42,true,NOT_ELIGIBLE,CTR,-9
LAB1000-0721,Мяч футбольный LAB-0721,Инструменты,969,42,42,true,NOT_ELIGIBLE,Фото,-6
LAB1000-0852,Кофемашина LAB-0852,Электроника,970,42,42,true,NOT_ELIGIBLE,Фото,-5.7
LAB1000-0981,!!! SPAM SEO BUY CHEAP !!!,Инструменты,971,42,42,true,NOT_ELIGIBLE,CTR,-8.6
LAB1000-0234,Шуруповёрт LAB-0234,Одежда,972,41,41,true,NOT_ELIGIBLE,CTR,-8.8
LAB1000-0273,Автомагнитола LAB-0273,Дом и сад,973,41,41,true,NOT_ELIGIBLE,Фото,-5.2
LAB1000-0307,Кроссовки LAB-0307,Авто,974,41,41,true,NOT_ELIGIBLE,Фото,-5.1
LAB1000-0449,Пылесос LAB-0449,Продукты,975,41,41,true,NOT_ELIGIBLE,CTR,-8.6
LAB1000-0499,Крем для лица LAB-0499,Продукты,976,41,41,true,NOT_ELIGIBLE,CTR,-8.6
LAB1000-0504,Кофемашина LAB-0504,Одежда,977,41,41,true,NOT_ELIGIBLE,Фото,-5.4
LAB1000-0539,Смарт-часы LAB-0539,Продукты,978,41,41,true,NOT_ELIGIBLE,CTR,-7.7
LAB1000-0732,Шуруповёрт LAB-0732,Электроника,979,41,41,true,NOT_ELIGIBLE,CTR,-8.6
LAB1000-0824,Смарт-часы LAB-0824,Одежда,980,41,41,true,NOT_ELIGIBLE,CTR,-7.9
LAB1000-0911,Садовый шланг LAB-0911,Инструменты,981,41,41,true,NOT_ELIGIBLE,CTR,-8.6
LAB1000-0933,Садовый шланг LAB-0933,Дом и сад,982,41,41,true,NOT_ELIGIBLE,CTR,-6.1
LAB1000-0944,Смарт-часы LAB-0944,Одежда,983,41,41,true,NOT_ELIGIBLE,CTR,-5.2
LAB1000-0994,Наушники LAB-0994,Одежда,984,41,41,true,NOT_ELIGIBLE,CTR,-7.7
LAB1000-1000,Садовый шланг LAB-1000,Сад,985,41,41,true,ELIGIBLE,CTR,-6.8
LAB1000-0530,Мяч футбольный LAB-0530,Сад,986,40,40,true,NOT_ELIGIBLE,CTR,-6.8
LAB1000-0556,Рюкзак LAB-0556,Красота,987,40,40,true,NOT_ELIGIBLE,CTR,-7.7
LAB1000-0617,Рюкзак LAB-0617,Авто,988,40,40,true,NOT_ELIGIBLE,CTR,-8.6
LAB1000-0645,Куртка LAB-0645,Спорт,989,40,40,true,NOT_ELIGIBLE,CTR,-8.6
LAB1000-0982,Садовый шланг LAB-0982,Электроника,990,40,40,true,ELIGIBLE,CTR,-7.7
LAB1000-0991,Кофемашина LAB-0991,Инструменты,991,40,40,true,NOT_ELIGIBLE,CTR,-7.7
LAB1000-0995,Крем для лица LAB-0995,Спорт,992,40,40,true,NOT_ELIGIBLE,CTR,-7.6
LAB1000-0046,Крем для лица LAB-0046,Красота,993,39,39,true,NOT_ELIGIBLE,CTR,-8.5
LAB1000-0087,Наушники LAB-0087,Авто,994,39,39,true,NOT_ELIGIBLE,CTR,-6.1
LAB1000-0817,Рюкзак LAB-0817,Авто,995,39,39,true,NOT_ELIGIBLE,CTR,-8.6
LAB1000-0872,Куртка LAB-0872,Электроника,996,39,39,true,NOT_ELIGIBLE,CTR,-8.6
LAB1000-0893,Садовый шланг LAB-0893,Дом и сад,997,39,39,true,NOT_ELIGIBLE,CTR,-8.6
LAB1000-0897,Рюкзак LAB-0897,Авто,998,39,39,true,NOT_ELIGIBLE,Фото,-5.8
LAB1000-0990,!!! KEYWORD STUFF !!!,Сад,999,38,38,true,NOT_ELIGIBLE,CTR,-7.9
LAB1000-0967,Мяч футбольный LAB-0967,Авто,1000,37,37,true,NOT_ELIGIBLE,CTR,-6.8